Fish,Date,Location,Site,CentralLatitude,CentralLongitude,AgeCategory,Species,TotalLength_mm,ForkLength_mm,TotalWeight_g,LiverWeight_g,GonadWeight_g,SubgonadWeight_g,Sex,Filet,FieldComments,DateWW,Vial_g,FiletandVialWW_g,Date_dw,FiletandVialDW_g,Comments,PercentMoisture,DmaDate,MassAnalyzed_g,Hg_ng,Hg_ug_per_kgdw,Hg_ug_per_kgww,DmaComments
NF-YP-A-1,2020-09-08,Saint John River,NF,45.97149,-66.719803,Adult,Yellow Perch,240,230,149.9,1.361,2.87,1.811,F,Y,parasites in filet,2020-10-25,7.10058,10.69403,2020-10-29,7.89346,,77.93541,2020-12-10,0.0104,12.5989,1211.4352,267.29821,
NF-YP-A-2,2020-09-08,Saint John River,NF,45.97149,-66.719803,Adult,Yellow Perch,191,184,81.5,0.703,2.33,,M,Y,parasites,2020-10-25,7.1048,9.96638,2020-10-29,7.72809,,78.21868,2020-11-25,0.0103,11.5042,1116.9161,243.2790699,
NF-YP-A-3,2020-09-08,Saint John River,NF,45.97149,-66.719803,Adult,Yellow Perch,183,176,70.7,0.598,0.68,,M,Y,,2020-12-15,7.04488,8.61644,2020-12-18,7.41676,,76.33689,2021-01-19,0.0102,8.0386,788.1023,186.4895142,
NF-YP-A-4,2020-09-08,Saint John River,NF,45.97149,-66.719803,Adult,Yellow Perch,193,185,90.2,0.955,1.229,,F,Y,a few parasites,2020-10-25,7.09663,8.86108,2020-10-29,7.48436,,78.02545,,,,,,
NF-YP-A-5,2020-09-08,Saint John River,NF,45.97149,-66.719803,Adult,Yellow Perch,183,176,78.3,0.752,0.596,,F,Y,,2020-12-13,7.16772,9.0335,2020-12-16,7.59301,,77.20578,2021-01-22,0.0103,15.1711,1487.3645,339.0331363,
NF-YP-A-6,2020-09-08,Saint John River,NF,45.97149,-66.719803,Adult,Yellow Perch,181,172,73.5,0.662,1.835,,M,Y,,2020-11-09,8.5231,11.93096,2020-11-12,9.24494,plus lid,78.81838,2021-01-22,0.0103,14.0349,1362.6157,288.6240796,
NF-YP-A-7,2020-09-08,Saint John River,NF,45.97149,-66.719803,Adult,Yellow Perch,280,260,208.4,2.112,2.5,1.282,F,Y,,2020-10-25,7.02469,9.97848,2020-10-29,7.61136,,80.1384,2020-11-03,0.0103,15.2347,1479.0974,293.7724092,
NF-YP-A-8,2020-09-08,Saint John River,NF,45.97149,-66.719803,Adult,Yellow Perch,158,152,47.1,0.396,0.938,,M,Y,,2020-10-28,7.09802,9.06914,2020-11-03,7.52744,,78.21442,2021-01-24,0.0104,10.861,1044.3237,227.5119751,
NF-YP-A-9,2020-09-08,Saint John River,NF,45.97149,-66.719803,Adult,Yellow Perch,152,144,41.2,0.338,0.139,,F,Y,,2020-10-29,7.05593,9.2276,2020-11-03,7.50302,,79.41262,2020-12-11,0.0101,7.1074,703.7012,144.8736401,
NF-YP-A-10,2020-09-08,Saint John River,NF,45.97149,-66.719803,Adult,Yellow Perch,125,120,21.9,0.219,0.074,,F,Y,,,,,,,,,,,,,,
NF-YP-A-11,2020-09-08,Saint John River,NF,45.97149,-66.719803,Adult,Yellow Perch,162,151,55.2,0.888,0.804,,F,Y,,2020-10-29,7.09243,9.1305,2020-11-03,7.4705,,81.44961,2020-12-10,0.0101,7.5836,750.8539,139.2863268,
NF-YP-A-12,2020-09-08,Saint John River,NF,45.97149,-66.719803,Adult,Yellow Perch,161,155,50.8,0.542,0.458,,F,Y,,,,,,,,,,,,,,
NF SMB-A-3,2020-09-08,Saint John River,NF,45.97149,-66.719803,Adult,Smallmouth Bass,274,259,260.4,2.346,2.477,1,F,Y,,,,,,,,,,,,,,
NF-YP-A-13,2020-09-08,Saint John River,NF,45.97149,-66.719803,Adult,Yellow Perch,111,106,15.8,NA,NA,,IM,N,,,,,,,,,,,,,,
NF-YP-A-14,2020-09-09,Saint John River,NF,45.97149,-66.719803,Adult,Yellow Perch,238,229,161.6,1.596,2.978,1.261,F,Y,,2020-10-25,7.05912,8.26473,2020-10-29,7.30977,,79.20969,2020-12-10,0.0102,14.5192,1423.4471,295.9390648,
NF-YP-A-15,2020-09-09,Saint John River,NF,45.97149,-66.719803,Adult,Yellow Perch,208,200,103.5,1.284,1.701,1.35,F,Y,,2020-10-25,7.05905,8.38866,2020-10-29,7.35577,,77.68368,2020-12-09,0.0101,6.4303,636.6612,142.0793507,
NF-YP-A-16,2020-09-09,Saint John River,NF,45.97149,-66.719803,Adult,Yellow Perch,244,235,182.1,1.553,3.17,1.49,F,Y,,2020-10-29,7.02475,10.56418,2020-11-03,7.75723,,79.30514,2020-12-10,0.0103,16.3124,1583.7302,327.7507477,
NF-YP-A-17,2020-09-09,Saint John River,NF,45.97149,-66.719803,Adult,Yellow Perch,215,206,106.7,1.157,2.311,1.298,F,Y,,2020-10-28,7.07082,9.08075,2020-11-03,7.49166,,79.06196,2021-01-24,0.0103,11.2981,1096.8997,229.6692979,
NF-YP-A-18,2020-09-09,Saint John River,NF,45.97149,-66.719803,Adult,Yellow Perch,185,176,74.7,0.743,0.8,,F,Y,,2020-10-25,7.07164,9.86122,2020-10-29,7.68074,,78.16517,2020-11-25,0.0103,5.9594,578.5858,126.3332258,
NF-YP-A-19,2020-09-09,Saint John River,NF,45.97149,-66.719803,Adult,Yellow Perch,247,238,168.1,1.277,2.321,1.07,F,Y,,2020-10-28,7.10268,9.05599,2020-11-03,7.51086,,79.10316,2021-01-22,0.0104,8.7755,843.7991,176.3273478,
NF-YP-A-20,2020-09-09,Saint John River,NF,45.97149,-66.719803,Adult,Yellow Perch,224,216,142.3,1.779,2.867,1.227,F,Y,,2020-10-28,7.09503,10.95217,2020-11-03,7.96376,,77.47735,2020-12-10,0.0104,8.8087,846.9899,190.7645707,
NF-YP-A-21,2020-09-09,Saint John River,NF,45.97149,-66.719803,Adult,Yellow Perch,203,194,107,1.341,1.77,1,F,Y,,2020-11-09,7.08831,11.295,2020-11-12,7.98828,,78.60622,2020-12-11,0.0101,8.3007,821.8508,175.8249521,
NF-YP-A-22,2020-09-09,Saint John River,NF,45.97149,-66.719803,Adult,Yellow Perch,180,173,69.5,0.514,1.759,,M,Y,,2020-10-25,7.0728,7.95019,2020-10-29,7.26765,,77.79209,2020-12-09,0.0105,8.7305,831.475,184.6532197,
NF-YP-A-23,2020-09-09,Saint John River,NF,45.97149,-66.719803,Adult,Yellow Perch,176,168,66.7,0.768,0.897,,F,Y,,2020-12-13,7.09439,10.89737,2020-12-16,7.93162,,77.9849,2021-01-21,0.0105,19.4186,1849.3905,407.145168,
NF-YP-A-24,2020-09-09,Saint John River,NF,45.97149,-66.719803,Adult,Yellow Perch,220,212,99.4,0.744,1.786,1.21,F,Y,,2020-12-13,7.12526,8.91371,2020-12-16,7.49069,,79.56722,2021-01-22,0.0103,15.6655,1520.9218,310.7666054,
NF-YP-A-25,2020-09-09,Saint John River,NF,45.97149,-66.719803,Adult,Yellow Perch,211,202,108.2,1.01,1.71,1.029,F,Y,,2020-11-09,8.56147,13.16316,2020-11-12,9.58036,PLUS LID,77.85835,2021-01-22,0.0103,7.443,722.6208,160.0001684,
NF-YP-A-26,2020-09-09,Saint John River,NF,45.97149,-66.719803,Adult,Yellow Perch,219,210,138.6,1.543,2.032,1.216,F,Y,,2020-11-09,7.11097,12.08152,2020-11-12,8.18784,,78.33499,2021-01-22,0.0104,9.0997,874.9705,189.5624463,
NF-YP-A-27,2020-09-09,Saint John River,NF,45.97149,-66.719803,Adult,Yellow Perch,187,180,82.7,1.229,1.149,,F,Y,,2020-12-16,7.08004,10.76822,2020-12-18,7.85652,,78.9468,2021-01-18,0.0103,11.0351,1071.3699,225.5576478,
NF-YP-A-28,2020-09-09,Saint John River,NF,45.97149,-66.719803,Adult,Yellow Perch,186,178,76.9,1.049,1.062,,F,Y,,2020-10-25,7.02408,8.7887,2020-10-29,7.42015,,77.55494,2020-12-09,0.0102,9.0675,888.968,199.529401,
NF-YP-A-29,2020-09-09,Saint John River,NF,45.97149,-66.719803,Adult,Yellow Perch,221,211,123.1,0.993,3.226,,M,Y,,2020-11-09,8.61552,12.63049,2020-11-12,9.48436,PLUS LID,78.35999,2020-12-14,0.0105,19.5431,1861.2466,402.7739504,
NF-YP-A-30,2020-09-09,Saint John River,NF,45.97149,-66.719803,Adult,Yellow Perch,244,236,163.5,1.124,2.009,1.606,F,Y,,2020-10-25,7.08901,9.56223,2020-10-29,7.63758,,77.8196,2020-11-25,0.0102,13.1453,1288.7589,285.8518791,
NF-YP-A-31,2020-09-09,Saint John River,NF,45.97149,-66.719803,Adult,Yellow Perch,193,185,87.3,0.616,0.933,,M,Y,,2020-10-29,7.10739,9.13277,2020-11-03,7.52296,,79.48188,2020-12-10,0.0102,10.5706,1036.3292,212.6352689,
NF-YP-A-32,2020-09-09,Saint John River,NF,45.97149,-66.719803,Adult,Yellow Perch,172,165,65,0.738,0.578,,F,Y,,2020-11-09,8.72798,11.4136,2020-11-12,9.28969,PLUS LID,79.08453,2020-12-14,0.0102,21.245,2082.8418,435.6361518,
NF-YP-A-33,2020-09-09,Saint John River,NF,45.97149,-66.719803,Adult,Yellow Perch,201,191,97.8,0.711,1.441,,M,Y,,2020-10-25,7.07124,9.69171,2020-10-29,7.67396,,76.99955,2020-12-09,0.0102,10.6758,1046.6454,240.7331519,
NF-YP-A-34,2020-09-09,Saint John River,NF,45.97149,-66.719803,Adult,Yellow Perch,199,191,84.5,0.603,1.114,,M,Y,,2020-11-09,8.62071,11.45352,2020-11-12,9.25379,PLUS LID,77.65187,2021-01-22,0.0105,16.7545,1595.6672,356.6017802,
NF-YP-A-35,2020-09-09,Saint John River,NF,45.97149,-66.719803,Adult,Yellow Perch,171,164,59.7,0.71,0.922,,M,Y,,2020-11-09,8.54526,11.20844,2020-11-12,9.13309,PLUS LID,77.92752,2020-12-14,0.0103,14.2945,1387.8177,306.3257843,
NF-YP-A-36,2020-09-09,Saint John River,NF,45.97149,-66.719803,Adult,Yellow Perch,171,164,65.8,0.817,0.742,,M,Y,,2020-11-09,7.08671,8.77499,2020-11-12,7.43589,,79.31741,2020-12-14,0.0102,16.1812,1586.3896,328.1064568,
NF-YP-A-37,2020-09-09,Saint John River,NF,45.97149,-66.719803,Adult,Yellow Perch,179,171,63.4,0.741,0.842,,M,Y,,2020-10-29,7.10679,8.43721,2020-11-03,7.36528,,80.5708,2020-12-11,0.0105,6.0643,577.5513,112.2135972,
NF-YP-A-38,2020-09-10,Saint John River,NF,45.97149,-66.719803,Adult,Yellow Perch,294,284,237.2,2.393,4.739,2.234,F,Y,,2020-11-09,7.07601,11.20402,2020-11-12,7.92855,,79.34743,2021-01-22,0.0104,16.9924,1633.8818,337.4385825,
NF-YP-A-39,2020-09-10,Saint John River,NF,45.97149,-66.719803,Adult,Yellow Perch,218,210,122.2,1.851,2.331,2.331,F,Y,weird back deformity,2020-10-29,7.09137,9.555005,2020-11-03,7.629765,,78.3314955,2020-12-09,0.01035,15.07045,1455.9481,315.4821796,
NF-YP-A-40,2020-09-10,Saint John River,NF,45.97149,-66.719803,Adult,Yellow Perch,239,231,148.8,2.073,3.281,3.281,F,Y,,2020-11-09,7.06053,10.81031,2020-11-12,7.46962,,89.0902933,2021-01-22,0.0103,18.357,1782.2355,194.4366658,
NF-YP-A-41,2020-09-10,Saint John River,NF,45.97149,-66.719803,Adult,Yellow Perch,225,215,129.2,1.365,1.945,1.945,F,Y,,2020-12-16,7.10984,11.52858,2020-12-18,8.09395,,77.72872,2021-01-18,0.0102,14.1928,1391.4542,309.894661,
NF-YP-A-42,2020-09-10,Saint John River,NF,45.97149,-66.719803,Adult,Yellow Perch,203,195,102.2,1.376,1.929,1.929,F,Y,,2020-12-14,7.06182,8.39804,2020-12-16,7.35937,,77.73196,2021-01-20,0.0105,13.5685,1292.239,287.7562974,
NF-YP-A-43,2020-09-10,Saint John River,NF,45.97149,-66.719803,Adult,Yellow Perch,196,188,78.9,0.954,1.2,1.2,F,Y,,2020-10-05,7.12437,8.61736,2020-10-29,7.4538,,77.93488,2020-11-04,0.0104,20.0576,1928.6139,425.5509714,
NF-YP-A-44,2020-09-10,Saint John River,NF,45.97149,-66.719803,Adult,Yellow Perch,194,185,85.6,0.595,1.945,,M,Y,,2020-11-09,8.55899,12.65041,2020-11-12,9.43829,PLUS LID,78.50868,2020-12-14,0.0105,7.2229,687.8948,147.8376727,
NF-SMB-A-4,2020-09-10,Saint John River,NF,45.97149,-66.719803,Adult,Smallmouth Bass,455,430,1140,14.179,20.56,1.386,F,Y,,2020-10-25,7.04497,9.6995,2020-10-29,7.63839,,77.64501,2020-11-03,0.0102,9.9228,972.8251,217.4749538,double check sheet
NF-SMB-A-5,2020-09-10,Saint John River,NF,45.97149,-66.719803,Adult,Smallmouth Bass,401,380,789,7.084,2.861,,M,Y,,2020-11-09,7.07633,11.25421,2020-11-12,7.94149,,79.29189,2021-01-22,0.0105,60.1729,5730.7524,1186.730511,
NF-SMB-A-6,2020-09-15,Saint John River,NF,45.97149,-66.719803,Adult,Smallmouth Bass,436,416,1028,7.629,17.25,1.039,F,Y,,2020-10-25,7.05545,7.48996,2020-10-29,7.1606,,75.80033,2020-11-04,0.0101,34.4732,3413.1899,825.9806923,
NF-SMB-A-7,2020-09-15,Saint John River,NF,45.97149,-66.719803,Adult,Smallmouth Bass,395,376,792,7.051,4.018,,M,Y,one otolith only,2020-12-15,7.0632,10.11519,2020-12-18,7.7645,,77.02155,2021-01-20,0.0101,36.1298,3577.2097,821.9873423,
NF-SMB-A-8,2020-09-15,Saint John River,NF,45.97149,-66.719803,Adult,Smallmouth Bass,502,480,1615,19.876,25.658,1.335,F,Y,,2020-10-29,7.04166,10.67102,2020-11-03,7.86662,,77.26982,2020-12-10,0.0104,54.5255,5242.8394,1191.706833,
NF-SMB-A-9,2020-09-15,Saint John River,NF,45.97149,-66.719803,Adult,Smallmouth Bass,366,345,657,6.339,3.683,,M,Y,,2020-10-29,7.22502,8.6666,2020-11-03,7.50069,,80.87723,2020-12-11,0.0103,26.4187,2564.9229,490.4843068,
NF-SMB-A-10,2020-09-15,Saint John River,NF,45.97149,-66.719803,Adult,Smallmouth Bass,385,366,653,4.918,9.857,1.362,F,Y,,2020-10-29,7.105955,9.61104,2020-11-03,7.68231,,76.94124631,2020-12-11,0.0103,32.40785,3149.8954,726.3266219,
NF-SMB-A-11,2020-09-15,Saint John River,NF,45.97149,-66.719803,Adult,Smallmouth Bass,288,275,321,3.859,2.776,1.355,F,Y,,2020-12-14,7.13678,10.49768,2020-12-16,7.93617,,76.215,2021-01-20,0.0104,18.2929,1758.9318,418.3619286,
NF-SMB-A-12,2020-09-15,Saint John River,NF,45.97149,-66.719803,Adult,Smallmouth Bass,348,332,548,4.063,2.83,,M,Y,,2020-10-29,7.093795,9.74628,2020-11-03,7.71647,,76.47198732,2020-12-10,0.01015,24.26205,2394.84985,563.4605765,
NF-SMB-A-13,2020-09-15,Saint John River,NF,45.97149,-66.719803,Adult,Smallmouth Bass,337,322,501,4.313,5.557,0.938,F,Y,,44132,7.05448,10.732085,44138,7.900625,,76.69120791,2020-12-10,0.01025,27.88135,2719.6577,633.9193589,
NF-SMB-A-14,2020-09-15,Saint John River,NF,45.97149,-66.719803,Adult,Smallmouth Bass,289,275,296,2.646,1.595,,M,Y,,2020-10-25,7.05241,7.96344,2020-10-29,7.25724,,77.51666,2020-12-08,0.0103,31.7117,3078.8018,692.2174766,
NF-SMB-A-15,2020-09-15,Saint John River,NF,45.97149,-66.719803,Adult,Smallmouth Bass,361,344,670,670,10.046,0.986,F,Y,lots of nematoed,2020-11-09,8.64631,12.7999,2020-11-12,9.59172,PLUS LID,77.23873,,,,,,
NF-SMB-A-16,2020-09-15,Saint John River,NF,45.97149,-66.719803,Adult,Smallmouth Bass,258,243,218,2.269,1.262,,F,Y,only 1 otolith/parasites,2020-10-29,7.14239,8.84679,2020-11-03,7.5142,,78.18529,2020-12-10,0.0104,18.2289,1752.7798,382.3638303,
NF-SMB-A-17,2020-09-15,Saint John River,NF,45.97149,-66.719803,Adult,Smallmouth Bass,313,306,367,3.807,0.352,,M,Y,"large intrusion when caught, dead in morning",2020-10-28,7.15219,11.06601,2020-11-03,7.76368,,84.37613,2021-01-22,0.0105,42.702,4066.8542,635.4000133,
NF-SMB-A-18,2020-09-15,Saint John River,NF,45.97149,-66.719803,Adult,Smallmouth Bass,253,242,217,1.779,1.632,,F,Y,one borken otolith,2020-12-16,7.10378,8.25085,2020-12-18,7.37073,,76.72766,2021-01-20,0.0103,17.8683,1734.7871,403.7255522,
NF-SMB-A-19,2020-09-15,Saint John River,NF,45.97149,-66.719803,Adult,Smallmouth Bass,254,242,212,2.407,1.52,,F,Y,,2020-12-16,7.12758,10.57983,2021-02-19,8.01812,,74.20406981,2021-02-19,0.0104,15.54295,1494.6405,385.55642,
NF-SMB-A-20,2020-09-15,Saint John River,NF,45.97149,-66.719803,Adult,Smallmouth Bass,263,251,214,1.978,0.793,,M,Y,,2020-10-25,7.04732,9.78271,2020-10-29,7.67636,,77.00364,2020-12-08,0.0105,21.1563,2014.8866,463.3505761,
NF-SMB-A-21,2020-09-15,Saint John River,NF,45.97149,-66.719803,Adult,Smallmouth Bass,253,242,203,1.879,1.215,,M,Y,,2020-10-25,7.09648,8.15564,2020-10-29,7.34193,,76.82598,2020-11-03,0.0104,8.7007,836.6093,193.8760065,
NF-SMB-A-22,2020-09-15,Saint John River,NF,45.97149,-66.719803,Adult,Smallmouth Bass,251,238,197,1.727,1.049,,M,Y,,2020-12-14,7.0091,12.5092,2020-12-16,8.25314,,77.3815,2021-01-22,0.0104,12.7971,1230.4907,278.318539,
NF-SMB-A-23,2020-09-15,Saint John River,NF,45.97149,-66.719803,Adult,Smallmouth Bass,239,229,169,,,,IM,Y,,2020-10-29,7.16245,7.96783,2020-11-03,7.33051,,79.13283,2020-12-11,0.0102,18.0993,1774.4447,370.2763921,
NF-YP-A-45,2020-09-15,Saint John River,NF,45.97149,-66.719803,Adult,Yellow Perch,171,164,59,0.604,3.618,,M,Y,,2020-12-13,7.13345,9.67446,2020-12-16,7.70546,,77.48887,2021-01-22,0.0105,9.0929,865.9897,194.9440672,
NF-YP-A-46,2020-09-15,Saint John River,NF,45.97149,-66.719803,Adult,Yellow Perch,226,220,123,1.045,5.725,,M,Y,,2020-10-25,7.12169,8.313,2020-10-29,7.34964,,80.8656,2020-12-01,0.0105,15.5094,1477.0847,282.6312948,
NF-YP-A-#1,2020-09-15,Saint John River,NF,45.97149,-66.719803,Adult,Yellow Perch,261,253,183.3,,,,,Y,,2020-10-25,7.07282,8.83691,2020-10-29,7.48094,,76.86513,2020-11-25,0.0103,12.2203,1186.4388,274.481074,
NF-SMB-A-#1,2020-09-15,Saint John River,NF,45.97149,-66.719803,Adult,Smallmouth Bass,205,196,108.1,,,,,Y,,2020-10-25,7.09681,8.53824,2020-10-29,7.4421,,76.04532,2020-12-09,0.0102,10.769,1055.7836,252.9095829,
NF-SMB-A-#2,2020-09-15,Saint John River,NF,45.97149,-66.719803,Adult,Smallmouth Bass,230,220,150.1,,,,,Y,,2020-10-25,7.09258,9.13408,2020-10-29,7.57739,,76.25227,2020-12-01,0.0103,15.2634,1481.8823,351.9134075,
NF-SMB-A-#3,2020-09-15,Saint John River,NF,45.97149,-66.719803,Adult,Smallmouth Bass,222,211,128.8,,,,,Y,,2020-12-15,7.08526,9.64737,2020-12-18,7.65833,,77.63289,2021-01-18,0.0105,32.6918,3113.5039,696.4008422,
NF-SMB-A-#4,2020-09-15,Saint John River,NF,45.97149,-66.719803,Adult,Smallmouth Bass,202,193,99.9,,,,,Y,,2020-10-25,7.04437,10.44583,2020-10-29,7.80877,fluctuating last 2 digs,77.5273,2020-12-01,0.0102,27.7926,2724.7686,612.3290732,
NF-SMB-A-#5,2020-09-15,Saint John River,NF,45.97149,-66.719803,Adult,Smallmouth Bass,212,201,123.4,,,,,Y,,2020-10-25,7.0744,8.33173,2020-10-29,7.36212,,77.11659,2020-12-09,0.0105,15.9501,1519.0575,347.6121559,
NF-SMB-A-24,2020-09-16,Saint John River,NF,45.97149,-66.719803,Adult,Smallmouth Bass,399,381,871,7.095,14.293,1.731,F,Y,frozen,2020-10-25,7.07628,9.05914,2020-10-29,7.52816,,77.2107,2020-11-25,0.0102,26.8414,2631.5093,599.7025489,
NF-SMB-A-25,2020-09-16,Saint John River,NF,45.97149,-66.719803,Adult,Smallmouth Bass,400,383,776,8.466,3.852,,M,Y,"frozen, one otolith",2020-10-25,7.122,10.16139,2020-10-29,7.78015,,78.34598,2020-12-09,0.0105,40.6566,3872.0603,838.4567118,
NF-SMB-A-26,2020-09-16,Saint John River,NF,45.97149,-66.719803,Adult,Smallmouth Bass,300,288,313,2.029,1.827,,M,Y,"frozen, one otolith broken",2020-10-29,7.06907,10.89393,2020-11-03,7.86943,,79.07479,2020-12-11,0.0104,29.8035,2865.7229,599.6585348,
NF-SMB-A-27,2020-09-16,Saint John River,NF,45.97149,-66.719803,Adult,Smallmouth Bass,306,289,374,2.807,5.572,1.122,F,Y,"frozen, parasites in muscle, one on liver",2020-10-28,7.08698,8.7002,2020-11-03,7.46155,,76.78122,2021-01-24,0.0102,26.4156,2589.7693,601.3128363,
NF-YP-A-#2,2020-09-16,Saint John River,NF,45.97149,-66.719803,Adult,Yellow Perch,261,250,209.8,,,,F,Y,frozen,2020-10-29,7.08645,8.35651,2020-11-03,7.35325,,78.99312,2020-12-10,0.0101,15.2594,1510.827,317.3776149,
NF-YP-A-#3,2020-09-16,Saint John River,NF,45.97149,-66.719803,Adult,Yellow Perch,211,204,112.8,,,,F,Y,frozen,2020-10-25,7.06999,9.49482,2020-10-29,7.61888,,77.36377,2020-12-08,0.0103,12.8147,1244.1458,281.6277048,
NF-YP-A-47,2020-09-16,Saint John River,NF,45.97149,-66.719803,Adult,Yellow Perch,216,209,114.2,0.779,2.215,,M,Y,frozen,2020-10-29,7.11332,9.25622,2020-11-03,7.57413,,78.49596,2020-12-10,0.0103,9.6064,932.6581,200.5591709,
NF-YP-A-#4,2020-09-16,Saint John River,NF,45.97149,-66.719803,Adult,Yellow Perch,203,195,98.8,,,,F,Y,frozen,2020-10-28,7.10752,8.78736,2020-11-03,7.47397,,78.18542,2021-01-24,0.0101,9.724,962.77,210.0242319,
NF-YP-A-48,2020-09-16,Saint John River,NF,45.97149,-66.719803,Adult,Yellow Perch,198,190,93.7,0.599,2.802,,M,Y,frozen,2020-10-29,7.09606,9.31711,2020-11-03,7.55259,,79.44531,2021-01-24,0.0103,15.6951,1523.7938,313.2110918,
NF-SMB-A-28,2020-09-24,Saint John River,NF,45.97149,-66.719803,Adult,Smallmouth Bass,445,420,1184,12.127,23.219,1.299,F,Y,broken otoliths,2020-12-14,7.08432,9.68943,2020-12-16,7.67294,,77.40518,2021-01-20,0.0103,26.6641,2588.7498,584.9233576,
NF-SMB-A-29,2020-09-24,Saint John River,NF,45.97149,-66.719803,Adult,Smallmouth Bass,458,426,1380,18.762,8.455,,M,Y,,2020-12-16,7.13103,10.97378,2020-12-18,7.9975,,77.45182,2021-01-18,0.0104,35.9217,3454.0093,778.8162342,
NF-SMB-A-30,2020-09-24,Saint John River,NF,45.97149,-66.719803,Adult,Smallmouth Bass,419,394,1025,12.458,16.569,1.139,F,Y,,2020-10-28,7.11059,11.20731,2020-11-03,7.52462,,89.89362,2020-12-10,0.0102,20.78465,2037.71075,205.9387466,
NF-SMB-A-31,2020-09-24,Saint John River,NF,45.97149,-66.719803,Adult,Smallmouth Bass,417,400,1121,11.605,6.061,,M,Y,,2020-12-14,7.02928,8.76249,2020-12-16,7.4058,,78.27615,2021-01-20,0.0101,25.0697,2482.145,539.2174566,
NF-SMB-A-32,2020-09-24,Saint John River,NF,45.97149,-66.719803,Adult,Smallmouth Bass,412,394,944,6.876,5.929,,M,Y,,2020-12-15,7.11111,8.6236,2020-12-18,7.44,,78.25506,2021-01-20,0.0104,61.0206,5867.3662,1275.85526,
NF-SMB-A-33,2020-09-24,Saint John River,NF,45.97149,-66.719803,Adult,Smallmouth Bass,433,410,1041,13.27,22.976,1.787,F,Y,,2020-10-25,7.04213,8.66813,2020-10-29,7.40706,,77.55658,2020-11-04,0.0103,37.5609,3646.6924,818.4424914,
NF-SMB-A-34,2020-09-24,Saint John River,NF,45.97149,-66.719803,Adult,Smallmouth Bass,458,435,1305,13.29,7.547,,M,Y,,2020-12-14,7.08396,12.69606,2020-12-16,8.28873,,78.53263,2021-01-21,0.0104,60.3848,5806.2285,1246.444555,
NF-SMB-A-35,2020-09-24,Saint John River,NF,45.97149,-66.719803,Adult,Smallmouth Bass,331,314,469,4.428,8.779,1.332,F,Y,,2020-12-13,7.07476,11.1769,2020-12-16,7.98462,,77.81987,2021-01-22,0.0105,22.7475,2166.4285,480.5166577,
NF-SMB-A-36,2020-09-24,Saint John River,NF,45.97149,-66.719803,Adult,Smallmouth Bass,413,387,1083,12.447,18.979,1.834,F,Y,,2020-10-25,7.04893,8.703,2020-10-29,7.41867,,77.64665,2020-12-10,0.0105,25.6093,2438.981,545.1939594,
NF-SMB-A-37,2020-09-24,Saint John River,NF,45.97149,-66.719803,Adult,Smallmouth Bass,396,377,965,9.168,5.585,,M,Y,,2020-12-13,7.0936,11.48824,2020-12-16,8.04109,,78.43987,2020-12-10,0.0101,20.4812,2027.8442,437.2058457,
NF-SMB-A-38,2020-09-24,Saint John River,NF,45.97149,-66.719803,Adult,Smallmouth Bass,433,414,1306,14.978,8.508,,M,Y,,2020-10-25,7.07115,10.42012,2020-10-29,7.81652,,77.74331,2020-12-09,0.0102,36.4953,3577.9709,796.3378915,
NF-SMB-A-39,2020-09-24,Saint John River,NF,45.97149,-66.719803,Adult,Smallmouth Bass,445,420,1334,12.931,5.355,,M,Y,,2020-12-16,7.08854,10.09799,2020-12-18,7.77536,,77.17789,2021-01-20,0.0104,52.1462,5014.0532,1144.312737,
NF-SMB-A-40,2020-09-24,Saint John River,NF,45.97149,-66.719803,Adult,Smallmouth Bass,481,453,1572,23.173,32.14,1.073,F,Y,,2020-12-14,7.07084,12.93973,2020-12-16,8.37671,,77.74928,2021-01-21,0.0101,52.1462,5162.9858,1148.801514,
NF-SMB-A-41,2020-09-24,Saint John River,NF,45.97149,-66.719803,Adult,Smallmouth Bass,446,425,1376,16.923,27.882,1.084,F,Y,,2020-10-25,7.08404,9.63545,2020-10-29,7.63658,,78.34374,2020-12-09,0.0105,42.6892,4065.6382,880.4651793,
NF-SMB-A-42,2020-09-24,Saint John River,NF,45.97149,-66.719803,Adult,Smallmouth Bass,437,402,1260,13.805,6.985,,M,Y,,2020-10-25,7.04264,8.48014,2020-10-29,7.37568,,76.832,2020-11-03,0.0104,38.6275,3714.1836,860.5020564,
NF-SMB-A-43,2020-09-24,Saint John River,NF,45.97149,-66.719803,Adult,Smallmouth Bass,471,445,1368,15.101,24.483,1.686,F,Y,one otolith is broken,2020-10-24,7.02944,9.51367,2020-10-29,7.54756,,79.14364,2020-12-08,0.0102,60.2711,5908.9277,1232.387233,
NF-SMB-A-44,2020-09-24,Saint John River,NF,45.97149,-66.719803,Adult,Smallmouth Bass,465,435,1302,14.884,23.642,1.497,F,Y,,2020-10-25,7.10243,9.73104,2020-10-29,7.68027,,78.01728,2020-12-01,0.0102,39.9087,3912.6133,860.0988264,
NF-SMB-A-45,2020-09-24,Saint John River,NF,45.97149,-66.719803,Adult,Smallmouth Bass,341,320,593,6.886,2.536,,M,Y,"fish stiffly bent, hard to get accurate length measurements",2020-12-15,7.08983,7.86658,2020-12-18,7.25085,,79.27004,2021-01-20,0.0105,15.5664,1482.5098,307.3236885,
NF-SMB-A-46,2020-09-24,Saint John River,NF,45.97149,-66.719803,Adult,Smallmouth Bass,416,392,1031,8.518,5.497,,M,Y,,2020-10-28,7.09805,9.45562,2020-11-03,7.60807,,78.36671,2021-01-22,0.0105,36.7544,3500.4167,757.2552959,
NF-SMB-A-47,2020-09-24,Saint John River,NF,45.97149,-66.719803,Adult,Smallmouth Bass,345,326,568,4.33,2.579,,M,Y,,2020-12-13,7.13769,10.2816,2020-12-16,7.81128,,78.57477,2021-01-22,0.0103,22.2111,2156.4219,462.0183518,
NF-SMB-A-48,2020-09-24,Saint John River,NF,45.97149,-66.719803,Adult,Smallmouth Bass,452,428,1299,12.327,5.413,,M,Y,,2020-10-28,7.13876,10.97613,2020-11-03,7.95306,,78.77974,2021-01-24,0.0103,41.3432,4013.9043,851.7609286,
NF-SMB-A-49,2020-09-24,Saint John River,NF,45.97149,-66.719803,Adult,Smallmouth Bass,357,336,628,5.103,3.459,,M,Y,,2020-10-29,7.11300,10.51035,2020-11-03,7.84446,,78.46673,2020-12-10,0.0101,26.48245,2622.022,564.6069502,
NF-SMB-A-50,2020-09-24,Saint John River,NF,45.97149,-66.719803,Adult,Smallmouth Bass,405,381,871,8.276,5.106,,M,Y,,2020-10-25,7.1299,10.3566,2020-10-29,7.84574,,77.81511,2020-12-08,0.0102,25.0524,2456.1194,544.8873872,
NF-YP-A-49,2020-09-24,Saint John River,NF,45.97149,-66.719803,Adult,Yellow Perch,253,246,180,2.13,4.483,2.175,F,Y,,2020-12-16,7.12778,9.63197,2020-12-18,7.632,,79.86495,2021-01-19,0.0104,12.3701,1189.4329,239.4929091,
NF-YP-A-50,2020-09-24,Saint John River,NF,45.97149,-66.719803,Adult,Yellow Perch,214,207,134,1.024,4.151,1.271,F,Y,,2020-12-16,7.11028,8.47589,2020-12-18,7.39983,,78.79702,2021-01-20,0.0104,12.8429,1234.8942,261.8343702,
NF-SMB-A-51,2020-09-24,Saint John River,NF,45.97149,-66.719803,Adult,Smallmouth Bass,421,394,1080,9.496,5.238,,M,Y,,2020-12-15,7.0912,11.3879,2020-12-18,8.00645,,78.69877,2021-01-19,0.0102,27.6445,2710.2485,577.3162666,
NF-YP-A-51,2020-09-24,Saint John River,NF,45.97149,-66.719803,Adult,Yellow Perch,156,150,51,0.425,3.439,,M,Y,one otolith,2020-12-13,7.08425,9.04961,2020-12-16,7.46169,,80.79538,2021-01-21,0.0105,9.6682,920.7776,176.8318391,
NF-SMB-A-52,2020-09-24,Saint John River,NF,45.97149,-66.719803,Adult,Smallmouth Bass,443,416,1168,13.941,23.575,1.52,F,Y,,2020-10-25,7.05315,10.4919,2020-10-29,7.80021,,78.27525,2020-11-04,0.0101,41.512,4110.1021,892.909406,
NF-SMB-A-53,2020-09-24,Saint John River,NF,45.97149,-66.719803,Adult,Smallmouth Bass,407,383,1105,13.881,5.512,,M,Y,,2020-10-28,7.10068,10.3375,2020-10-30,7.80664,,78.1897,2020-11-03,0.0102,27.7926,2724.7686,594.280206,
NF-SMB-A-54,2020-09-24,Saint John River,NF,45.97149,-66.719803,Adult,Smallmouth Bass,401,388,991,9.65,5.45,,M,Y,,2020-10-25,7.04474,9.58922,2020-10-29,7.59628,,78.32406,2020-11-25,0.0105,48.485,4617.6201,1000.912562,
NF-SMB-A-55,2020-09-24,Saint John River,NF,45.97149,-66.719803,Adult,Smallmouth Bass,428,400,1067,13.895,6.126,,M,Y,,2020-12-14,7.14731,10.49501,2020-12-16,7.87608,,78.23073,2021-01-20,0.0104,29.6281,2848.8574,620.1754593,
NF-SMB-A-56,2020-09-25,Saint John River,NF,45.97149,-66.719803,Adult,Smallmouth Bass,507,485,1811,23.764,33.298,1.932,F,Y,one broken otolith,2020-10-25,7.02794,9.39292,2020-10-29,7.54452,,78.15711,2020-12-08,0.01,67.5748,6757.4761,1476.028071,
NF-SMB-A-57,2020-09-25,Saint John River,NF,45.97149,-66.719803,Adult,Smallmouth Bass,398,375,795,,,,M,Y,one gonad 1/2 of other so didnêt process,,,,,,,,,,,,,
NF-SMB-A-58,2020-09-25,Saint John River,NF,45.97149,-66.719803,Adult,Smallmouth Bass,376,353,730,6.907,15.148,1.481,F,Y,,2020-10-28,7.12328,11.6388,2020-11-03,8.11239,,78.09532,2021-01-24,0.0102,23.6136,2315.0581,507.1060686,
NF-SMB-A-59,2020-09-25,Saint John River,NF,45.97149,-66.719803,Adult,Smallmouth Bass,332,312,473,3.625,7.236,1.448,F,Y,,2020-12-13,7.06578,10.65626,2020-12-16,7.86251,,77.80993,2021-01-21,0.0103,20.9743,2036.3367,451.8645392,
NF-SMB-A-60,2020-09-25,Saint John River,NF,45.97149,-66.719803,Adult,Smallmouth Bass,416,394,967,14.453,6.21,1.804,F,Y,scar on side - lamprey?,2020-12-14,7.05275,12.31607,2020-12-16,8.14774,,79.19583,2021-01-21,0.0105,41.5522,3957.3491,823.2936343,
NF-SMB-A-61,2020-09-25,Saint John River,NF,45.97149,-66.719803,Adult,Smallmouth Bass,331,319,612,7.786,8.65,1.421,F,Y,,2020-10-28,7.12964,10.47616,2020-10-30,7.9398,,75.79097,2020-11-03,0.0104,19.3308,1858.7261,449.9795592,
NF-SMB-A-62,2020-09-25,Saint John River,NF,45.97149,-66.719803,Adult,Smallmouth Bass,367,343,657,8.478,8.803,1.326,F,Y,,2020-10-25,7.08132,9.35067,2020-10-29,7.58458,,77.82361,2020-12-01,0.0102,25.2156,2472.1172,548.2263515,
NF-SMB-A-63,2020-09-25,Saint John River,NF,45.97149,-66.719803,Adult,Smallmouth Bass,394,369,802,4.267,3.622,,M,Y,,2020-12-13,7.12264,10.45006,2020-12-16,7.81063,,79.32362,2021-01-22,0.0102,50.8831,4988.5415,1031.449797,
NF-SMB-A-64,2020-09-25,Saint John River,NF,45.97149,-66.719803,Adult,Smallmouth Bass,429,401,1038,11.842,21.107,1.75,F,Y,,2020-10-25,7.04152,9.52207,2020-10-29,7.59439,,77.7118,2020-12-09,0.0102,35.9628,3525.769,785.8304463,
NF-SMB-A-65,2020-09-25,Saint John River,NF,45.97149,-66.719803,Adult,Smallmouth Bass,330,312,443,4.461,7.228,1.927,F,Y,,2020-12-15,7.04264,11.86037,2020-12-18,8.08999,,78.26051,2021-01-20,0.0105,31.7185,3020.8105,656.7087966,
NF-YP-A-52,2020-09-25,Saint John River,NF,45.97149,-66.719803,Adult,Yellow Perch,165,159,56.9,0.503,5.102,,M,Y,,2020-10-25,7.05878,8.1669,2020-10-29,7.29989,,78.24153,2020-11-04,0.0103,12.0275,1167.7195,254.0778971,check paper sheet
NF-YP-A-53,2020-09-25,Saint John River,NF,45.97149,-66.719803,Adult,Yellow Perch,197,189,96.6,0.778,8.679,,M,Y,,2020-10-25,7.05162,9.62508,2020-10-29,7.6063,,78.44614,2020-12-09,0.01,16.8039,1680.3904,362.1889943,
NF-YP-A-54,2020-09-25,Saint John River,NF,45.97149,-66.719803,Adult,Yellow Perch,155,147,46.3,0.562,2.594,,M,Y,,2020-12-15,7.10719,8.44826,2020-12-18,7.39719,,78.37548,2021-01-18,0.0102,6.2164,609.4522,131.7911129,
NF-YP-A-55,2020-09-25,Saint John River,NF,45.97149,-66.719803,Adult,Yellow Perch,173,165,67.9,0.695,6.17,,M,Y,,2020-12-16,7.08195,9.06664,2020-12-18,7.50854,,78.50596315,2021-01-19,0.0102,8.8622,868.842,186.7492197,
NF-YP-A-56,2020-09-25,Saint John River,NF,45.97149,-66.719803,Adult,Yellow Perch,198,191,102,0.948,7.408,,M,Y,,2020-12-13,7.1081,11.07306,2020-12-16,7.95836,,78.55565,2021-01-21,0.0103,20.2021,1961.3662,420.6022327,
NF-YP-A-57,2020-09-25,Saint John River,NF,45.97149,-66.719803,Adult,Yellow Perch,226,217,148.8,0.879,13.204,,M,Y,,2020-12-16,7.11563,9.44629,2020-12-18,7.5814,,80.01553,2021-01-18,0.0105,16.2322,1545.9225,308.9444182,
NF-YP-A-58,2020-09-25,Saint John River,NF,45.97149,-66.719803,Adult,Yellow Perch,164,156,56.7,0.676,4.896,,M,Y,one otolith,2020-10-28,7.09971,10.11574,2020-11-03,7.76115,,78.06918,2021-01-22,0.0103,8.5302,828.1724,181.6249983,
NF-YP-A-59,2020-09-25,Saint John River,NF,45.97149,-66.719803,Adult,Yellow Perch,178,170,76.6,0.911,7.238,,M,Y,,2020-10-25,7.06857,9.7424,2020-10-29,7.64631,,78.39279,2020-12-09,0.0101,18.7464,1856.0835,401.0478596,
NF-YP-A-60,2020-09-25,Saint John River,NF,45.97149,-66.719803,Adult,Yellow Perch,181,174,75.7,0.534,5.616,,M,Y,,2020-10-25,7.05093,7.65335,2020-10-29,7.18229,,78.19462,2020-12-09,0.0104,7.0501,677.8952,147.8176244,
NF-YP-SIA-1,2020-09-25,Saint John River,NF,45.97149,-66.719803,Adult,Yellow Perch,202,193,102,,,,M,N,one otolith broken,,,,,,,,,,,,,
NF-YP-SIA-2,2020-09-25,Saint John River,NF,45.97149,-66.719803,Adult,Yellow Perch,171,164,67.2,,,,M,N,,,,,,,,,,,,,,
NF-YP-SIA-3,2020-09-25,Saint John River,NF,45.97149,-66.719803,Adult,Yellow Perch,162,155,54.1,,,,M,N,,,,,,,,,,,,,,
NF-YP-SIA-4,2020-09-25,Saint John River,NF,45.97149,-66.719803,Adult,Yellow Perch,160,151,51.9,,,,M,N,,,,,,,,,,,,,,
REF-YP-A-1,2020-09-11,Saint John River,REF,46.18625,-67.554377,Adult,Yellow Perch,233,225,132.1,1.087,2.502,,F,Y,,2020-10-29,7.12609,10.13707,2020-11-03,7.71407,,80.47214,2020-12-10,0.0105,15.8575,1510.2361,294.9167913,
REF-YP-A-2,2020-09-11,Saint John River,REF,46.18625,-67.554377,Adult,Yellow Perch,212,202,96.6,0.684,1.185,,F,Y,,2020-10-28,7.13657,8.74957,2020-11-03,7.43422,,81.54681,2021-01-24,0.0102,9.9123,971.7917,179.3265688,
REF-YP-A-3,2020-09-11,Saint John River,REF,46.18625,-67.554377,Adult,Yellow Perch,232,225,133.2,0.824,2.749,,F,Y,,2020-10-28,7.08669,10.00825,2020-11-03,7.68131,,79.64717,2021-01-22,0.0103,18.2275,1769.6603,360.1759524,
REF-YP-A-4,2020-09-11,Saint John River,REF,46.18625,-67.554377,Adult,Yellow Perch,264,251,203.4,1.921,4.819,1.13,F,Y,,2020-10-24,7.08084,9.5208,2020-10-29,7.60537,,78.50252,2020-11-04,0.0104,23.6597,2274.9734,489.0619517,
REF-YP-A-5,2020-09-11,Saint John River,REF,46.18625,-67.554377,Adult,Yellow Perch,283,274,240.1,3.192,7.25,1.255,F,Y,,2020-10-28,7.19746,9.18928,2020-11-03,7.59711,,79.93544,2021-01-24,0.0102,33.1448,3249.4937,651.9966131,
REF-YP-A-6,2020-09-11,Saint John River,REF,46.18625,-67.554377,Adult,Yellow Perch,252,243,179.8,2.375,4.437,1.227,F,Y,,2020-11-09,7.12742,12.59201,2020-11-12,8.26386,,79.20356,2020-12-14,0.0104,21.6827,2084.8777,433.58034,
REF-YP-A-7,2020-09-11,Saint John River,REF,46.18625,-67.554377,Adult,Yellow Perch,242,232,156.9,1.382,8.341,1.423,F,Y,gonad leaked fluid when cut open,2020-10-25,7.09764,9.2133,2020-10-29,7.53293,,79.42533,2020-11-03,0.0104,29.274,2814.8091,579.1376835,
REF-YP-A-8,2020-09-11,Saint John River,REF,46.18625,-67.554377,Adult,Yellow Perch,239,234,153.4,2.332,9.185,,M,Y,,2020-12-15,7.02527,10.24162,2020-12-18,7.69171,,79.27962,2021-01-18,0.0101,19.2282,1903.7863,394.4717557,
REF-YP-A-9,2020-09-11,Saint John River,REF,46.18625,-67.554377,Adult,Yellow Perch,223,214,135.3,1.041,2.937,,M,Y,,2020-10-29,7.14391,7.97112,2020-11-03,7.31226,,79.64846,,,,,,
REF-YP-A-10,2020-09-11,Saint John River,REF,46.18625,-67.554377,Adult,Yellow Perch,194,187,85.1,0.764,0.889,,F,Y,,2020-10-29,7.10455,9.6186,2020-11-03,7.63274,,78.99047,2020-12-10,0.0103,6.3202,613.6164,128.9179216,
REF-YP-A-11,2020-09-11,Saint John River,REF,46.18625,-67.554377,Adult,Yellow Perch,222,211,126.6,0.961,1.626,,F,Y,,2020-10-25,7.12265,10.69963,2020-10-29,7.84065,,79.9272,2020-11-25,0.0101,23.4283,2319.6306,465.6148111,
REF-SMB-A-1,2020-09-11,Saint John River,REF,46.18625,-67.554377,Adult,Smallmouth Bass,456,439,1414,13.655,17.848,1.769,F,Y,,2020-10-25,7.08401,10.60219,2020-10-29,7.88178,,77.32436,2020-12-08,0.01,26.7026,2670.2612,605.4988168,
REF-SMB-A-2,2020-09-11,Saint John River,REF,46.18625,-67.554377,Adult,Smallmouth Bass,400,385,982,12.6,13.903,2.386,F,Y,,2020-10-28,7.06983,10.13559,2020-11-03,7.78587,,76.64396,2021-01-22,0.0104,24.9206,2396.2134,559.6605602,
REF-SMB-A-3,2020-09-17,Saint John River,REF,46.18625,-67.554377,Adult,Smallmouth Bass,329,314,459,5.566,5.51,1.038,F,Y,,2020-10-29,7.13364,11.15225,2020-11-03,8.01757,,78.00409,2020-12-10,0.0103,18.8508,1830.1764,402.5639538,
REF-SMB-A-4,2020-09-17,Saint John River,REF,46.18625,-67.554377,Adult,Smallmouth Bass,390,375,972,5.578,4.507,,M,Y,some parasites in fillet,2020-10-25,7.06398,8.35163,2020-10-29,7.35211,,77.62358,2020-11-04,0.0105,12.6166,1201.583,268.8712587,
REF-SMB-A-5,2020-09-17,Saint John River,REF,46.18625,-67.554377,Adult,Smallmouth Bass,462,434,1373,16.652,8.882,,M,Y,just one otolith,2020-10-25,7.05054,10.10614,2020-10-29,7.75562,,76.92499,2020-11-04,0.0102,39.3747,3860.2622,890.7558887,
REF-SMB-A-6,2020-09-17,Saint John River,REF,46.18625,-67.554377,Adult,Smallmouth Bass,416,390,1135,14.491,20.274,2.487,F,Y,,2020-12-13,7.10468,10.77775,2020-12-18,8.34192,,66.31592,,,,,,
REF-SMB-A-7,2020-09-17,Saint John River,REF,46.18625,-67.554377,Adult,Smallmouth Bass,370,350,762,6.281,3.511,,M,Y,,2020-10-25,7.07108,9.61241,2020-10-29,7.64552,,77.39609,2020-12-09,0.0101,6.6729,660.6855,149.3407558,
REF-SMB-A-8,2020-09-17,Saint John River,REF,46.18625,-67.554377,Adult,Smallmouth Bass,461,444,986,12.897,6.646,,M,Y,lumpy gonads,2020-12-16,7.12585,11.83527,2020-12-18,8.13634,,78.54322,2021-01-20,0.0104,54.4648,5236.998,1123.691139,
REF-SMB-A-9,2020-09-17,Saint John River,REF,46.18625,-67.554377,Adult,Smallmouth Bass,400,376,937,8.574,3.287,,M,Y,,2020-12-15,7.08482,10.68482,2020-12-18,7.89423,,77.51639,2021-01-20,0.0101,7.2646,719.265,161.7167375,
REF-SMB-A-10,2020-09-17,Saint John River,REF,46.18625,-67.554377,Adult,Smallmouth Bass,350,330,658,7.358,3.792,,M,Y,many parasites,2020-10-28,7.05058,11.14513,2020-11-03,7.95872,,77.82076,2020-12-10,0.0104,22.1969,2134.3193,473.3757999,
REF-SMB-A-11,2020-09-17,Saint John River,REF,46.18625,-67.554377,Adult,Smallmouth Bass,422,403,1023,10.782,4.363,,M,Y,,2020-10-29,7.10847,8.28488,2020-11-03,7.5317,,64.0236,,,,,,
REF-SMB-A-12,2020-09-17,Saint John River,REF,46.18625,-67.554377,Adult,Smallmouth Bass,315,302,412,3.6,1.189,,M,Y,,2020-10-29,7.04783,8.37185,2020-11-03,7.33621,,78.21936,2020-12-11,0.0102,21.1487,2073.4058,451.601053,
REF-SMB-A-13,2020-09-17,Saint John River,REF,46.18625,-67.554377,Adult,Smallmouth Bass,365,347,715,6.356,3.268,,M,Y,parasites,2020-12-15,7.09716,11.77205,2020-12-18,8.15165,,77.44353,2021-01-18,0.0104,21.9142,2107.1311,475.2943944,
REF-SMB-A-14,2020-09-17,Saint John River,REF,46.18625,-67.554377,Adult,Smallmouth Bass,420,395,1201,8.335,3.503,,M,Y,no otoliths,2020-12-14,7.06611,11.16746,2020-12-16,8.01034,,76.97758,2021-01-21,0.0106,12.8027,1207.8054,278.066032,
REF-SMB-A-15,2020-09-17,Saint John River,REF,46.18625,-67.554377,Adult,Smallmouth Bass,369,346,791,11.176,4.977,,M,Y,,2020-12-16,7.08267,13.57007,2020-12-18,8.53932,,77.54647,2021-01-19,0.01,8.1303,813.0349,182.5550352,
REF-SMB-A-16,2020-09-17,Saint John River,REF,46.18625,-67.554377,Adult,Smallmouth Bass,480,450,1737,22.234,10.087,,M,Y,Lumpy gonads,2020-12-14,7.10362,9.36383,2020-12-16,7.62697,,76.84507,2021-01-20,0.0104,48.7807,4690.4507,1086.070576,
REF-SMB-A-17,2020-09-17,Saint John River,REF,46.18625,-67.554377,Adult,Smallmouth Bass,419,397,1133,14.693,4.898,,M,Y,,2020-12-15,7.04557,9.77881,2020-12-18,7.6435,,78.12377,2021-01-20,0.0102,10.4144,1021.023,223.3613398,
REF-SMB-A-18,2020-09-17,Saint John River,REF,46.18625,-67.554377,Adult,Smallmouth Bass,378,360,747,9.542,3.043,,M,Y,many parasites,2020-12-15,7.07069,11.80057,2020-12-18,8.09376,,78.37006,2021-01-19,0.0103,23.7483,2305.6648,498.7139128,
REF-SMB-A-19,2020-09-17,Saint John River,REF,46.18625,-67.554377,Adult,Smallmouth Bass,431,409,1229,15.988,18.684,1.629,F,Y,,2020-10-25,7.09816,10.06842,2020-10-29,7.85713,,74.44769,2020-12-08,0.0103,9.8369,955.0378,244.0342193,
REF-SMB-A-20,2020-09-17,Saint John River,REF,46.18625,-67.554377,Adult,Smallmouth Bass,386,371,937,12.165,14.921,1.651,F,Y,,2020-12-14,7.10544,11.78313,2020-12-16,8.1417,,77.84676,2021-01-21,0.0104,9.096,874.6134,193.7552056,
REF-SMB-A-21,2020-09-17,Saint John River,REF,46.18625,-67.554377,Adult,Smallmouth Bass,497,470,1944,28.877,29.805,1.825,F,Y,,2020-10-24,7.0414,10.03951,2020-10-29,7.75974,,76.04024,2020-12-08,0.0102,39.8018,3902.1416,934.9437622,
REF-SMB-A-22,2020-09-17,Saint John River,REF,46.18625,-67.554377,Adult,Smallmouth Bass,360,344,621,6.801,2.901,,M,Y,,2020-10-25,7.08751,9.33788,2020-10-29,7.58224,,78.01562,2020-11-25,0.0103,20.4578,1986.199,436.6535357,
REF-SMB-A-23,2020-09-17,Saint John River,REF,46.18625,-67.554377,Adult,Smallmouth Bass,420,401,1035,14.96,16.599,1.824,F,Y,,2020-10-25,7.08266,9.53838,2020-10-29,7.63254,,77.6082,2020-12-09,0.0104,23.4808,2257.7737,505.5561714,
REF-SMB-A-24,2020-09-17,Saint John River,REF,46.18625,-67.554377,Adult,Smallmouth Bass,413,398,1133,13.354,4.768,,M,Y,,2020-12-13,7.13037,10.98699,2020-12-16,7.98933,,77.72765,2021-01-22,0.0103,10.6827,1037.1538,230.9985244,
REF-SMB-A-25,2020-09-17,Saint John River,REF,46.18625,-67.554377,Adult,Smallmouth Bass,392,371,912,8.949,3.757,,M,Y,,2020-10-25,7.08439,8.16189,2020-10-29,7.33402,,76.83248,2020-11-04,0.0105,21.5064,2048.2275,474.5235157,
REF-YP-A-12,2020-09-17,Saint John River,REF,46.18625,-67.554377,Adult,Yellow Perch,296,287,337,7.805,17.204,2.278,F,Y,,2020-10-29,7.13022,10.97042,2020-11-03,7.95648,,78.48393,2020-12-11,0.0105,19.4917,1856.3556,399.4147703,
REF-YP-A-13,2020-09-17,Saint John River,REF,46.18625,-67.554377,Adult,Yellow Perch,240,230,148,1.347,3.106,,F,Y,orange cysts on organs (nematodes),2020-10-25,7.06657,9.72534,2020-10-29,7.57075,,81.0371,2020-12-11,0.0101,34.3669,3402.6621,645.2434114,
REF-SMB-A-26,2020-09-21,Saint John River,REF,46.18625,-67.554377,Adult,Smallmouth Bass,423,395,1183,12.297,6.413,,M,Y,,2020-10-25,7.02447,10.97647,2020-10-29,7.90447,,77.73279,2020-12-08,0.0102,14.6023,1431.6016,318.7777346,
REF-SMB-A-27,2020-09-21,Saint John River,REF,46.18625,-67.554377,Adult,Smallmouth Bass,364,346,709,7.134,3.191,,M,Y,,2020-10-25,7.04769,10.24167,2020-10-29,7.77179,,77.32923,2020-12-09,0.0104,9.8954,951.4772,215.7072076,
REF-SMB-A-28,2020-09-21,Saint John River,REF,46.18625,-67.554377,Adult,Smallmouth Bass,321,304,518,6.167,2.628,,M,Y,NF-YP-A-14,2020-10-28,7.10145,10.34556,2020-10-30,7.85849,,76.66417,2020-11-03,0.01,9.2522,925.2164,215.9069262,
REF-SMB-A-29,2020-09-21,Saint John River,REF,46.18625,-67.554377,Adult,Smallmouth Bass,328,315,511,4.03,3.879,1.783,F,Y,,2020-10-25,7.07527,10.13834,2020-10-29,7.80178,,76.28164,2020-12-08,0.0105,4.4708,425.7917,100.9908083,
REF-SMB-A-30,2020-09-21,Saint John River,REF,46.18625,-67.554377,Adult,Smallmouth Bass,490,465,1845,39.374,42.21,2.901,F,Y,,2020-10-28,7.09244,9.41257,2020-11-03,7.62041,,77.24395,2021-01-24,0.0104,49.4111,4751.0649,1081.154704,
REF-SMB-A-31,2020-09-21,Saint John River,REF,46.18625,-67.554377,Adult,Smallmouth Bass,385,367,835,6.582,3.512,,M,Y,yellow liver,2020-10-25,7.12088,10.6555,2020-10-29,7.90667,,77.76876,2020-12-08,0.0101,7.2263,715.4779,159.0596091,
REF-SMB-A-32,2020-09-21,Saint John River,REF,46.18625,-67.554377,Adult,Smallmouth Bass,427,400,1049,17.95,21.194,1.264,F,Y,,2020-12-15,7.14962,10.46614,2020-12-18,7.88393,,77.85902,2021-01-19,0.0102,19.2117,1883.4969,417.0246719,
REF-SMB-A-33,2020-09-21,Saint John River,REF,46.18625,-67.554377,Adult,Smallmouth Bass,451,425,1576,50.211,37.318,1.711,F,Y,,2020-10-25,7.07815,8.53717,2020-10-29,7.45679,,74.04833,2020-12-08,0.0103,18.0491,1752.3416,454.7619093,
REF-SMB-A-34,2020-09-21,Saint John River,REF,46.18625,-67.554377,Adult,Smallmouth Bass,420,398,995,13.091,6.287,,M,Y,,2020-12-15,7.03985,13.52235,2020-12-18,8.69361,,74.48885,,,,,,
REF-SMB-A-35,2020-09-21,Saint John River,REF,46.18625,-67.554377,Adult,Smallmouth Bass,317,301,488,7.558,4.18,1.339,F,Y,,2020-12-14,7.11946,12.17735,2020-12-16,8.26787,,77.29468,2021-01-21,0.0101,7.5175,744.3116,168.9983306,
REF-SMB-A-36,2020-09-21,Saint John River,REF,46.18625,-67.554377,Adult,Smallmouth Bass,403,377,1018,16.367,19.42,1.799,F,Y,many parasites,2020-12-14,7.06159,11.96366,2020-12-16,8.16325,,77.52664,2021-01-20,0.0102,9.6355,944.6536,212.2954043,
REF-YP-A-14,2020-09-21,Saint John River,REF,46.18625,-67.554377,Adult,Yellow Perch,256,240,176,1.661,5.204,1.615,F,Y,,2020-12-16,7.122,12.48949,2020-12-18,8.15348,,80.78282,2021-01-19,0.0105,31.5674,3006.4148,577.7481437,
REF-YP-A-15,2020-09-21,Saint John River,REF,46.18625,-67.554377,Adult,Yellow Perch,237,230,130.4,1.257,2.5,,F,Y,,2020-12-13,7.06128,10.3182,2020-12-16,7.70474,,80.2433,2021-01-20,0.0102,27.0033,2647.3867,523.0362482,
REF-YP-A-16,2020-09-21,Saint John River,REF,46.18625,-67.554377,Adult,Yellow Perch,240,233,152.1,2.303,3.468,,F,Y,,2020-12-14,7.1011,10.42036,2020-12-16,7.74421,,80.6249,2021-01-20,0.01,20.2614,2026.1427,392.5671743,
REF-YP-A-17,2020-09-21,Saint John River,REF,46.18625,-67.554377,Adult,Yellow Perch,218,211,114.5,0.918,1.992,,F,Y,,2020-10-25,7.11259,10.84059,2020-10-29,7.82804,last dig rising,80.80874,2020-12-09,0.0104,23.0561,2216.9343,425.4576255,
REF-YP-A-18,2020-09-21,Saint John River,REF,46.18625,-67.554377,Adult,Yellow Perch,212,203,107.1,1.163,1.855,,F,Y,,2020-10-29,7.1302,8.79785,2020-11-03,7.44669,,81.0218,2020-12-10,0.0105,13.1921,1256.3904,238.4402829,
REF-YP-A-19,2020-09-21,Saint John River,REF,46.18625,-67.554377,Adult,Yellow Perch,218,210,126.5,0.69,7.177,,M,Y,,2020-10-24,7.0875,9.8847,2020-10-29,7.64863,,79.93958,2020-12-01,0.0102,23.244,2278.8235,457.1415652,
REF-YP-A-20,2020-09-21,Saint John River,REF,46.18625,-67.554377,Adult,Yellow Perch,219,210,119.1,1.109,2.985,2.089,F,Y,,2020-12-14,7.11071,11.43662,2020-12-16,7.99677,,79.51737,2021-01-21,0.0103,13.5834,1318.7727,270.1193327,
REF-YP-A-21,2020-09-21,Saint John River,REF,46.18625,-67.554377,Adult,Yellow Perch,191,184,73.6,0.483,1.041,,F,Y,,2020-10-25,7.12706,8.69321,2020-10-29,7.44704,,79.56901,2020-12-10,0.01,9.8391,983.9075,201.0220429,
REF-YP-A-22,2020-09-21,Saint John River,REF,46.18625,-67.554377,Adult,Yellow Perch,205,196,99.8,0.388,4.936,,M,Y,,2020-10-25,7.09501,9.84617,2020-10-29,7.64724,,79.92738,2020-12-09,0.0101,15.7433,1558.7462,312.8812015,
REF-YP-A-23,2020-09-21,Saint John River,REF,46.18625,-67.554377,Adult,Yellow Perch,262,250,176.4,1.497,4.8,1.383,F,Y,,2020-10-25,7.00606,9.66859,2020-10-29,7.53867,,79.99609,2020-12-08,0.0103,33.6228,3264.3523,652.9980962,
REF-YP-A-24,2020-09-21,Saint John River,REF,46.18625,-67.554377,Adult,Yellow Perch,211,202,96.9,0.781,2.366,,F,Y,,2020-12-13,7.16301,8.75974,2020-12-16,7.49988,,78.90251,2021-01-21,0.0104,11.5193,1107.6276,233.6816221,
REF-YP-A-25,2020-09-21,Saint John River,REF,46.18625,-67.554377,Adult,Yellow Perch,210,200,114.9,0.655,6.316,,M,Y,,2020-11-09,7.17794,11.98551,2020-11-12,8.08445,,81.14411,2021-01-22,0.0101,22.5569,2233.3555,421.1190564,
REF-YP-A-26,2020-09-21,Saint John River,REF,46.18625,-67.554377,Adult,Yellow Perch,171,164,60,,,,IM,Y,,2020-12-14,7.04059,9.26547,2020-12-16,7.47361,,80.53738,2021-01-21,0.0105,13.7276,1307.3865,254.4516664,
REF-YP-A-27,2020-09-21,Saint John River,REF,46.18625,-67.554377,Adult,Yellow Perch,228,217,129,1.618,3.943,1.576,F,Y,,2020-12-13,7.11897,9.7586,2020-12-16,7.67542,,78.91939,2021-01-22,0.0102,12.5076,1226.2347,258.4977548,
REF-YP-A-28,2020-09-21,Saint John River,REF,46.18625,-67.554377,Adult,Yellow Perch,204,198,90.3,0.741,6.993,,M,Y,scar on side,2020-10-28,7.13785,8.5366,2020-11-03,7.37575,,82.99196,2021-01-22,0.0104,19.872,1910.767,324.9840157,
REF-YP-A-29,2020-09-21,Saint John River,REF,46.18625,-67.554377,Adult,Yellow Perch,168,160,51.7,0.403,2.777,,M,Y,,2020-11-09,7.12582,10.16523,2020-11-12,7.73544,,79.94282,2020-12-14,0.0102,13.8345,1356.3274,272.041028,
REF-YP-A-30,2020-09-21,Saint John River,REF,46.18625,-67.554377,Adult,Yellow Perch,196,187,85.1,0.516,3.131,,M,Y,lumpy gonads,2020-12-14,7.13996,9.2664,2020-12-16,7.56519,,80.00273,2021-01-20,0.0104,16.9025,1625.2358,325.0027911,
REF-YP-A-31,2020-09-21,Saint John River,REF,46.18625,-67.554377,Adult,Yellow Perch,185,176,74,0.892,2.004,,F,Y,,2020-10-28,7.18632,9.46726,2020-11-03,7.59306,,82.16788,2020-12-10,0.0104,7.8057,750.5521,133.8393511,
REF-YP-A-32,2020-09-21,Saint John River,REF,46.18625,-67.554377,Adult,Yellow Perch,200,192,75.5,0.48,4.693,,M,Y,,2020-12-13,7.05508,9.83853,2020-12-16,7.61927,,79.73055,2021-01-22,0.0105,25.3316,2412.5342,489.0074134,
REF-YP-A-33,2020-09-21,Saint John River,REF,46.18625,-67.554377,Adult,Yellow Perch,187,183,62.5,0.5,1.484,,F,Y,,2020-12-14,7.0776,10.62627,2020-12-16,7.75626,,80.87565,2021-01-20,0.0104,13.2842,1277.3285,244.280773,
REF-YP-A-34,2020-09-21,Saint John River,REF,46.18625,-67.554377,Adult,Yellow Perch,178,172,59.6,0.771,1.582,,F,Y,,2020-12-13,7.05272,8.42133,2020-12-16,7.3359,,79.30893,2021-01-22,0.0102,7.9316,777.6116,160.8961605,
REF-YP-A-35,2020-09-21,Saint John River,REF,46.18625,-67.554377,Adult,Yellow Perch,186,180,70.7,0.645,1.116,,F,Y,one otolith,2020-12-16,7.08416,9.48342,2020-12-18,7.58106,,79.28945,2021-01-19,0.0102,6.8132,667.9593,138.3380448,
REF-SMB-A-37,2020-09-22,Saint John River,REF,46.18625,-67.554377,Adult,Smallmouth Bass,423,408,1191,17.797,27.763,1.004,F,Y,,,,,,,,,,,,,,
REF-SMB-A-38,2020-09-22,Saint John River,REF,46.18625,-67.554377,Adult,Smallmouth Bass,505,483,1894,25.992,36.171,1.146,F,Y,,,,,,,DIDN'T DRY TWICE,,,,,,,
REF-SMB-A-39,2020-09-22,Saint John River,REF,46.18625,-67.554377,Adult,Smallmouth Bass,390,372,939,13.305,21.506,1.102,F,Y,,2020-12-16,7.11122,12.96895,2020-12-18,8.41478,,77.74633,2021-01-19,0.0104,11.3844,1094.6506,243.5999322,
REF-SMB-A-40,2020-09-22,Saint John River,REF,46.18625,-67.554377,Adult,Smallmouth Bass,411,390,1039,11.82,5.122,,M,Y,,2020-10-24,7.12197,10.08075,2020-10-29,7.77976,,77.7682,2020-12-08,0.0103,9.1274,886.1572,197.0086964,
REF-SMB-A-41,2020-09-22,Saint John River,REF,46.18625,-67.554377,Adult,Smallmouth Bass,397,380,1007,13.121,20.626,1.155,F,Y,1.5 otoliths,2020-10-28,7.0972,8.33693,2020-11-03,7.37447,,77.63465,2021-01-24,0.0103,8.6005,834.9958,186.7497332,
REF-SMB-A-42,2020-09-22,Saint John River,REF,46.18625,-67.554377,Adult,Smallmouth Bass,378,360,786,8.74,2.829,,M,Y,one otolith,2020-12-13,7.15068,11.71146,2020-12-16,8.15957,,77.879,2021-01-22,0.0104,8.5249,819.6978,181.3253503,
REF-SMB-A-43,2020-09-22,Saint John River,REF,46.18625,-67.554377,Adult,Smallmouth Bass,393,378,969,14.013,16.936,0.995,F,Y,,2020-12-13,7.08384,11.91383,2020-12-16,8.16774,,77.55896,2021-01-22,0.01,9.157,915.6955,205.4915934,
REF-SMB-A-44,2020-09-22,Saint John River,REF,46.18625,-67.554377,Adult,Smallmouth Bass,448,421,1223,18.215,25.098,1.053,F,Y,,2020-12-16,7.06274,11.39866,2020-12-18,7.98616,,78.70302,2021-01-19,0.0103,27.8435,2703.2502,575.7106544,
REF-SMB-A-45,2020-09-22,Saint John River,REF,46.18625,-67.554377,Adult,Smallmouth Bass,488,462,1709,30.787,39.821,1.043,F,Y,,2020-11-09,7.10204,9.61676,,,HAD TO PUT BACK IN FREEZE DRIER,,,,,,,
REF-SMB-A-46,2020-09-22,Saint John River,REF,46.18625,-67.554377,Adult,Smallmouth Bass,319,301,487,6.457,2.114,,M,Y,,2020-12-16,7.07543,12.03986,2020-12-18,8.15935,,78.16627,2021-01-18,0.0104,30.1029,2894.5129,631.9801314,
REF-SMB-A-47,2020-09-22,Saint John River,REF,46.18625,-67.554377,Adult,Smallmouth Bass,434,403,1063,10.815,4.792,,M,Y,,2020-12-16,7.07939,9.2646,2020-12-18,7.58889,,76.68416,2021-01-19,0.0104,14.5491,1398.9561,326.1783659,
REF-SMB-A-48,2020-09-22,Saint John River,REF,46.18625,-67.554377,Adult,Smallmouth Bass,308,293,447,5.109,1.795,,M,Y,,2020-10-25,7.10942,10.00371,2020-10-29,7.75711,,77.6218,2020-12-08,0.0105,11.4809,1093.4227,244.6883187,
REF-SMB-A-49,2020-09-22,Saint John River,REF,46.18625,-67.554377,Adult,Smallmouth Bass,476,452,1706,27.526,29.679,1.028,F,Y,,2020-12-13,7.10082,10.61788,2020-12-16,7.89431,,77.43883,2021-01-22,0.0102,7.9316,777.6116,175.438275,
REF-SMB-A-50,2020-09-22,Saint John River,REF,46.18625,-67.554377,Adult,Smallmouth Bass,425,402,952,10.767,12.056,1.001,F,Y,one otolith,2020-12-13,7.10199,11.02657,2020-12-16,7.93946,,78.6609,2021-01-22,0.0103,20.6466,2004.5197,427.7464633,
REF-SMB-A-51,2020-09-22,Saint John River,REF,46.18625,-67.554377,Adult,Smallmouth Bass,407,386,969,7.985,3.406,,M,Y,,2020-10-25,7.03434,9.19284,2020-10-29,7.51606,,77.68265,2020-12-01,0.0105,7.4487,709.404,158.3201736,
REF-SMB-A-52,2020-09-22,Saint John River,REF,46.18625,-67.554377,Adult,Smallmouth Bass,415,395,971,11.714,3.764,,M,Y,,2020-12-16,7.10622,8.7372,2020-12-18,7.4559,,78.56013,2021-01-19,0.0104,9.7534,937.8235,201.0681392,
REF-SMB-A-53,2020-09-22,Saint John River,REF,46.18625,-67.554377,Adult,Smallmouth Bass,479,455,1445,11.85,5.947,,M,Y,,2020-12-16,7.11253,9.13536,2020-12-18,7.52727,,79.49704,2021-01-19,0.0105,76.3719,7273.5137,1491.285605,
REF-SMB-A-54,2020-09-22,Saint John River,REF,46.18625,-67.554377,Adult,Smallmouth Bass,417,396,1079,17.713,21.578,1.604,F,Y,,2020-10-29,7.07785,11.50266,2020-11-03,8.04002,,78.25511,2020-12-10,0.0103,17.2482,1674.5817,364.1359486,
REF-YP-A-36,2020-09-22,Saint John River,REF,46.18625,-67.554377,Adult,Yellow Perch,250,237,215.2,2.102,24.236,,M,Y,,2020-12-16,7.09734,11.47655,2020-12-18,8.05449,,78.14332,2021-01-20,0.0103,17.551,1703.9771,372.432822,
REF-YP-A-37,2020-09-22,Saint John River,REF,46.18625,-67.554377,Adult,Yellow Perch,173,165,56.8,0.469,3.137,,M,Y,,2020-10-29,7.05856,10.82262,2020-11-03,7.84963,,78.9836,2020-12-10,0.0104,15.0314,1445.3245,303.7551782,
REF-YP-A-38,2020-09-22,Saint John River,REF,46.18625,-67.554377,Adult,Yellow Perch,224,216,149.9,6.265,2.367,1.056,F,Y,,2020-11-09,7.10494,12.7158,2020-11-12,8.307,,78.57619,2021-01-22,0.0104,11.407,1096.8267,234.9820682,
REF-YP-A-39,2020-09-22,Saint John River,REF,46.18625,-67.554377,Adult,Yellow Perch,192,185,84.2,0.747,7.463,,M,Y,otolith missing on tray,2020-12-16,7.07097,11.9604,2020-12-18,8.11232,,78.70202,2021-01-19,0.0103,20.6188,2001.825,426.3482881,
REF-YP-A-40,2020-09-22,Saint John River,REF,46.18625,-67.554377,Adult,Yellow Perch,182,172,65,0.569,3.984,,M,Y,,2020-12-16,7.12436,7.93117,2020-12-18,7.29247,,79.16362,2021-01-18,0.0103,17.0361,1653.9879,344.631204,
REF-YP-A-41,2020-09-22,Saint John River,REF,46.18625,-67.554377,Adult,Yellow Perch,176,168,56.7,0.418,4.017,,M,Y,,2020-10-29,7.13233,9.32718,2020-11-03,7.58407,,79.41818,2020-12-10,0.0104,9.0234,867.6354,178.5751563,
REF-YP-A-42,2020-09-22,Saint John River,REF,46.18625,-67.554377,Adult,Yellow Perch,180,173,61.2,0.392,2.493,,M,Y,,2020-12-14,7.05503,9.54251,2020-12-16,7.55942,,79.72285,2021-01-21,0.0104,18.2543,1755.2203,355.9086531,
REF-YP-A-43,2020-09-22,Saint John River,REF,46.18625,-67.554377,Adult,Yellow Perch,169,160,45.9,0.25,2.234,,M,Y,,2020-12-13,7.10243,10.52681,2020-12-16,7.78018,,80.2081,2021-01-22,0.0102,17.8797,1752.9084,346.9338776,
REF-YP-A-44,2020-09-22,Saint John River,REF,46.18625,-67.554377,Adult,Yellow Perch,186,181,73.5,0.483,4.82,,M,Y,,2020-10-28,7.02858,9.25232,2020-10-30,7.48202,,79.60913,2020-11-03,0.0103,16.2561,1578.2667,321.8223111,
REF-YP-A-45,2020-09-22,Saint John River,REF,46.18625,-67.554377,Adult,Yellow Perch,167,160,55.6,0.449,2.338,,M,Y,,2020-12-14,7.06645,9.69787,2020-12-16,7.55947,,81.26411,2021-01-20,0.0105,21.7687,2073.2141,388.4351132,
REF-YP-A-46,2020-09-22,Saint John River,REF,46.18625,-67.554377,Adult,Yellow Perch,198,191,73.5,0.585,4.116,,M,Y,,2020-12-14,7.06627,10.58132,2020-12-16,7.76036,,80.25377,2021-01-21,0.0105,25.9946,2475.6809,488.8536446,
REF-YP-A-47,2020-09-22,Saint John River,REF,46.18625,-67.554377,Adult,Yellow Perch,182,174,69,0.643,5.619,,M,Y,,2020-12-14,7.07473,8.4271,2020-12-16,7.35586,,79.21205,2021-01-20,0.0105,10.8481,1033.1561,214.7719735,
REF-YP-A-48,2020-09-22,Saint John River,REF,46.18625,-67.554377,Adult,Yellow Perch,191,185,75.9,0.526,1.771,,M,Y,,2020-12-16,7.06966,10.92512,2020-12-18,8.82511,,54.46847,2021-01-18,0.0104,24.6289,2368.1592,,weird percent moisture check that 
REF-YP-A-49,2020-09-22,Saint John River,REF,46.18625,-67.554377,Adult,Yellow Perch,180,173,73.2,0.565,4.565,,M,Y,,2020-12-16,7.12635,9.85703,2020-12-18,7.67246,,80.00095,2021-01-19,0.0103,13.9519,1354.5527,270.8976717,
REF-YP-A-50,2020-09-22,Saint John River,REF,46.18625,-67.554377,Adult,Yellow Perch,181,171,66.3,0.427,2.697,,M,Y,one otolith,2020-11-09,7.10451,9.33528,2020-11-12,7.54167,,80.40318,2020-12-14,0.0101,4.4951,445.0622,87.21803822,
REF-YP-A-51,2020-09-22,Saint John River,REF,46.18625,-67.554377,Adult,Yellow Perch,196,187,87.7,0.7,6.429,,M,Y,orange cysts on organs (nematodes)/goupy gonads,2020-12-15,7.05635,9.22026,2020-12-18,7.49658,,79.65581,2021-01-19,0.0104,13.5094,1298.9854,264.2680578,
REF-YP-A-52,2020-09-22,Saint John River,REF,46.18625,-67.554377,Adult,Yellow Perch,181,175,70.2,0.649,5.047,,M,Y,,2020-12-14,7.078,11.51546,2020-12-16,8.00698,,79.06505,2021-01-22,0.0101,9.3648,927.2087,194.1106777,
REF-YP-A-53,2020-09-22,Saint John River,REF,46.18625,-67.554377,Adult,Yellow Perch,181,173,61.8,0.57,2.621,,M,Y,goupy gonads,2020-10-25,7.08857,10.23792,2020-10-29,7.71809,,80.01111,2020-12-08,0.0105,13.2398,1260.938,252.0475098,
REF-YP-A-54,2020-09-22,Saint John River,REF,46.18625,-67.554377,Adult,Yellow Perch,182,173,72.7,0.641,4.578,,M,Y,,2020-12-14,7.10075,8.86076,2020-12-16,7.44274,,80.56886,2021-01-21,0.0106,28.0143,2642.8579,513.5374186,
REF-YP-A-55,2020-09-22,Saint John River,REF,46.18625,-67.554377,Adult,Yellow Perch,171,165,52.6,0.376,1.666,,M,Y,,2020-12-16,7.1276,8.55875,2020-12-18,7.41372,,80.00769,2021-01-19,0.0103,11.482,1114.7528,222.8648355,
FF-YP-A-1,2020-10-02,Saint John River,FF,45.805451,-66.141779,Adult,Yellow Perch,235,226,127,1.449,4.143,1.003,F,Y,man parasites in fillet,2020-12-16,7.07406,9.63639,2020-12-18,7.57518,,80.4428,2021-01-19,0.0105,26.2782,2502.6863,489.4553651,
FF-YP-A-2,2020-10-02,Saint John River,FF,45.805451,-66.141779,Adult,Yellow Perch,174,166,66.4,0.503,4.384,,M,Y,,2020-12-16,7.07456,11.85318,2020-12-18,8.0552,,79.47859,2021-01-20,0.0104,11.7888,1133.5376,232.6178984,
FF-YP-A-3,2020-10-02,Saint John River,FF,45.805451,-66.141779,Adult,Yellow Perch,165,157,49.4,0.267,3.908,,M,Y,,2020-12-14,7.05489,9.57908,2020-12-16,7.55011,,80.38103,2021-01-21,0.0105,17.9656,1711.0129,335.6831075,
FF-YP-A-4,2020-10-02,Saint John River,FF,45.805451,-66.141779,Adult,Yellow Perch,144,135,34.7,0.198,1.645,,M,Y,,2020-12-14,7.09993,8.95392,2020-12-16,7.45203,,81.00853,2021-01-22,0.0102,13.503,1323.8206,251.4129921,
FF-YP-A-5,2020-10-02,Saint John River,FF,45.805451,-66.141779,Adult,Yellow Perch,159,150,46.3,0.314,2.769,,M,Y,,2020-12-14,7.09638,8.85517,2020-12-16,7.45001,,79.89356,2021-01-21,0.0104,17.1712,1651.0815,331.9737111,
FF-YP-A-6,2020-10-02,Saint John River,FF,45.805451,-66.141779,Adult,Yellow Perch,178,163,60.1,0.473,1.372,1.372,F,Y,,2020-12-13,7.0868,11.82732,2020-12-16,8.00845,,80.55804,2021-01-22,0.0105,13.1657,1253.877,243.7782648,
FF-YP-A-7,2020-10-02,Saint John River,FF,45.805451,-66.141779,Adult,Yellow Perch,188,180,79.1,0.815,2.304,1.858,F,Y,,2020-12-16,7.06267,11.90446,2020-12-18,8.01403,,80.35107,2021-01-19,0.0102,10.149,995.0032,195.5074823,
FF-YP-A-8,2020-10-02,Saint John River,FF,45.805451,-66.141779,Adult,Yellow Perch,168,158,55.4,0.302,3.728,,M,Y,,2020-12-14,7.04539,10.90436,2020-12-16,7.81153,,80.14652,2021-01-20,0.0105,15.9455,1518.6156,301.4980444,
FF-YP-A-9,2020-10-02,Saint John River,FF,45.805451,-66.141779,Adult,Yellow Perch,215,206,121.2,1.273,3.442,1.278,F,Y,,2020-12-14,7.10289,11.3746,2020-12-16,7.93323,,80.56188,2021-01-20,0.0104,15.8409,1523.1605,296.0737658,
FF-YP-A-10,2020-10-02,Saint John River,FF,45.805451,-66.141779,Adult,Yellow Perch,173,165,56.6,0.286,2.008,,M,Y,,2020-12-14,7.12858,10.95975,2020-12-16,7.89134,,80.09068,2021-01-21,0.0104,20.7658,1996.7089,397.5311644,
FF-YP-A-11,2020-10-02,Saint John River,FF,45.805451,-66.141779,Adult,Yellow Perch,191,183,74.8,0.726,2.21,1.756,F,Y,,2020-12-16,7.0801,10.65581,2020-12-18,7.77158,,80.66174,2021-01-18,0.0105,14.4788,1378.9376,266.6625383,
FF-YP-A-12,2020-10-02,Saint John River,FF,45.805451,-66.141779,Adult,Yellow Perch,224,214,134.6,1.521,3.958,0.932,F,Y,,2020-12-14,7.06557,10.3097,2020-12-16,7.68733,,80.83431,2021-01-20,0.0104,28.4148,2732.1895,523.6429698,
FF-YP-A-13,2020-10-02,Saint John River,FF,45.805451,-66.141779,Adult,Yellow Perch,179,176,65,0.634,1.863,1.863,F,Y,one otolith. Parasites in fillet,2020-12-16,7.07908,9.56945,2020-12-18,7.58391,,79.72872,2021-01-18,0.0102,10.1055,990.7397,200.8356187,
FF-YP-A-14,2020-10-02,Saint John River,FF,45.805451,-66.141779,Adult,Yellow Perch,161,153,45.1,0.267,2.508,,M,Y,,2020-12-14,7.11546,9.4968,2020-12-16,7.57222,,80.8192,2021-01-20,0.0101,19.7204,1952.5142,374.5078437,
FF-YP-A-15,2020-10-02,Saint John River,FF,45.805451,-66.141779,Adult,Yellow Perch,198,189,98,0.978,3.175,1.215,F,Y,,2020-12-13,7.11272,10.5994,2020-12-16,7.84875,,78.89023,2021-01-22,0.0105,10.6265,1012.047,213.640794,
FF-YP-A-16,2020-10-02,Saint John River,FF,45.805451,-66.141779,Adult,Yellow Perch,170,164,56.9,0.319,2.067,,M,Y,many parasites in fillet,2020-12-14,7.02283,8.22431,2020-12-16,7.24379,,81.60935,2021-01-20,0.0102,27.0033,2647.3867,486.8716221,
FF-YP-A-17,2020-10-02,Saint John River,FF,45.805451,-66.141779,Adult,Yellow Perch,200,191,101.9,1.451,3.38,2.031,F,Y,many parasites in fillet,2020-10-28,7.14343,11.17512,2020-11-03,7.89251,,81.4202,2021-01-24,0.01,14.9692,1496.9197,278.1246864,
FF-YP-A-18,2020-10-02,Saint John River,FF,45.805451,-66.141779,Adult,Yellow Perch,159,155,44.7,,3.155,,M,Y,one otolith. No liver found.,2020-12-15,7.04728,8.14005,2020-12-18,7.26616,,79.97017,2021-01-18,0.0106,14.138,1333.7739,267.1526448,
FF-YP-A-19,2020-10-02,Saint John River,FF,45.805451,-66.141779,Adult,Yellow Perch,158,149,46.9,0.248,3.304,,M,Y,,2020-12-15,7.06142,8.96752,2020-12-18,7.43595,,80.35098,2021-01-19,0.0103,14.9988,1456.1924,286.1275359,
FF-YP-A-20,2020-10-02,Saint John River,FF,45.805451,-66.141779,Adult,Yellow Perch,166,159,48.7,0.239,2.657,,M,Y,,2020-12-15,7.01055,8.86813,2020-12-18,7.35564,,81.4226,2021-01-19,0.0103,14.6901,1426.2184,264.954297,
FF-YP-A-21,2020-10-02,Saint John River,FF,45.805451,-66.141779,Adult,Yellow Perch,233,225,175.8,1.764,6.46,0.957,F,Y,,2020-12-15,7.09713,10.81688,2020-12-18,7.84414,,79.91774,2021-01-20,0.0105,21.013,2001.2366,401.8935372,
FF-YP-A-22,2020-10-02,Saint John River,FF,45.805451,-66.141779,Adult,Yellow Perch,160,157,52.5,0.317,3.62,,M,Y,,2020-12-15,7.09644,8.80359,2020-12-18,7.42016,,81.0374,2021-01-19,0.0103,14.0369,1362.8074,258.423716,
FF-YP-A-23,2020-10-02,Saint John River,FF,45.805451,-66.141779,Adult,Yellow Perch,194,187,84.2,0.467,5.25,,M,Y,,2020-12-13,7.15592,12.12584,2020-12-16,8.12566,,80.48781,2021-01-20,0.0105,28.4078,2705.5095,527.9041541,
FF-YP-A-24,2020-10-02,Saint John River,FF,45.805451,-66.141779,Adult,Yellow Perch,202,198,89.3,1.037,2.412,0.898,F,Y,,2020-12-15,7.10408,9.56491,2020-12-18,7.58587,,80.42165,2021-01-19,0.01,14.5942,1459.4233,285.7310017,
FF-YP-A-25,2020-10-02,Saint John River,FF,45.805451,-66.141779,Adult,Yellow Perch,205,195,108.2,1.094,2.643,1.538,F,Y,,,,,,,,,,,,,,
FF-YP-A-26,2020-10-02,Saint John River,FF,45.805451,-66.141779,Adult,Yellow Perch,184,175,77.4,0.506,4.628,,M,Y,,2020-12-15,7.06084,11.15713,2020-12-18,7.86404,,80.39201,2021-01-18,0.0105,18.1076,1724.533,338.1462582,
FF-YP-A-27,2020-10-02,Saint John River,FF,45.805451,-66.141779,Adult,Yellow Perch,185,180,60,0.892,1.505,1.505,F,Y,scar on side,2020-12-15,7.07398,10.12197,2020-12-18,7.61906,,82.11674,2021-01-19,0.0103,24.1504,2344.6953,419.3079567,
FF-YP-A-28,2020-10-02,Saint John River,FF,45.805451,-66.141779,Adult,Yellow Perch,265,254,214.5,2.729,7.822,1.422,F,Y,scar on side,2020-12-15,7.06532,11.84631,2020-12-18,8.02977,,79.8274,2021-01-19,0.0104,25.1956,2422.6563,488.7127648,
FF-YP-A-29,2020-10-02,Saint John River,FF,45.805451,-66.141779,Adult,Yellow Perch,165,162,50.7,0.245,2.417,,M,Y,,2020-12-15,7.07082,8.3494,2020-12-18,7.32157,,80.3884,2021-01-20,0.0105,18.6006,1771.4855,347.4166503,
FF-YP-A-30,2020-10-02,Saint John River,FF,45.805451,-66.141779,Adult,Yellow Perch,200,197,93.3,1.151,3.056,1.623,F,Y,,2020-10-25,7.06447,8.66355,2020-10-29,7.38244,,80.11544,2020-12-01,0.0102,15.6658,1535.8634,305.3996793,
FF-YP-A-31,2020-10-02,Saint John River,FF,45.805451,-66.141779,Adult,Yellow Perch,202,194,97.3,0.993,2.87,1.169,F,Y,,2020-12-15,7.11185,8.41091,2020-12-18,7.35565,,81.23258,2021-01-19,0.0104,19.0408,1830.8458,343.6025208,
FF-YP-A-32,2020-10-02,Saint John River,FF,45.805451,-66.141779,Adult,Yellow Perch,153,145,54.2,0.322,3.4,,M,Y,,2020-12-16,7.04455,8.66365,2020-12-18,7.36657,,80.11117,2021-01-18,0.0105,18.077,1721.6211,342.4102938,
FF-YP-A-33,2020-10-02,Saint John River,FF,45.805451,-66.141779,Adult,Yellow Perch,209,204,116.8,1.155,3.497,1.468,F,Y,,2020-12-16,7.04613,10.15681,2020-12-18,7.66525,,80.09696,2021-01-20,0.0104,15.1892,1460.5,290.6838992,
FF-YP-A-34,2020-10-02,Saint John River,FF,45.805451,-66.141779,Adult,Yellow Perch,195,185,77.5,1.078,2.956,1.527,F,Y,,2020-12-15,7.10627,8.73485,2020-12-18,7.4215,,80.64387,2021-01-20,0.0105,21.6076,2057.8647,398.3229666,
FF-YP-A-35,2020-10-02,Saint John River,FF,45.805451,-66.141779,Adult,Yellow Perch,172,168,73.2,0.438,6.017,,M,Y,,2020-10-25,7.09991,9.17349,2020-10-29,7.52734,,79.38686,2020-12-01,0.0101,14.0981,1395.8497,287.7284529,
FF-YP-A-36,2020-10-02,Saint John River,FF,45.805451,-66.141779,Adult,Yellow Perch,210,202,106.2,1.016,2.661,1.325,F,Y,,2020-12-16,7.09754,8.28307,2020-12-18,7.33251,,80.18017,2021-01-20,0.0103,14.4874,1406.5465,278.7751252,
FF-YP-A-37,2020-10-02,Saint John River,FF,45.805451,-66.141779,Adult,Yellow Perch,223,219,151.6,1.193,5.067,1.632,F,Y,,2020-12-13,7.11465,10.93271,2020-12-16,7.86664,,80.3044,2021-01-21,0.0101,25.898,2564.1602,505.0267364,
FF-YP-A-38,2020-10-02,Saint John River,FF,45.805451,-66.141779,Adult,Yellow Perch,200,191,107.5,1.129,2.78,0.986,F,Y,,2020-10-25,7.08368,10.75547,2020-10-29,7.80448,,80.36925,2020-12-08,0.0103,15.188,1474.5677,289.4686988,
FF-YP-A-39,2020-10-02,Saint John River,FF,45.805451,-66.141779,Adult,Yellow Perch,205,199,94.1,0.799,2.365,1.398,F,Y,,2020-12-16,7.08673,10.05382,2020-12-18,7.65939,,80.69961,2021-01-19,0.0105,12.8934,1227.9454,236.9982512,
FF-YP-A-40,2020-10-02,Saint John River,FF,45.805451,-66.141779,Adult,Yellow Perch,166,159,48.3,0.273,3.153,,M,Y,,2020-10-25,7.11491,9.37566,2020-10-29,7.54143,,81.13369,2020-12-08,0.0104,16.523,1588.7506,299.7386133,
FF-YP-A-41,2020-10-02,Saint John River,FF,45.805451,-66.141779,Adult,Yellow Perch,174,170,58.8,0.402,4.472,,M,Y,,2020-12-15,7.12694,7.83142,2020-12-18,7.26811,,79.96111,2021-01-18,0.0104,23.0629,2217.5859,444.3795992,
FF-YP-A-42,2020-10-02,Saint John River,FF,45.805451,-66.141779,Adult,Yellow Perch,168,160,59.8,0.406,3.039,,M,Y,Many Parasites,2020-12-13,7.08404,10.77659,2020-12-16,7.79845,,80.65267,2021-01-20,0.0106,14.0659,1326.9702,256.7333036,
FF-YP-A-43,2020-10-02,Saint John River,FF,45.805451,-66.141779,Adult,Yellow Perch,199,194,93.3,1.412,2.78,1.442,F,Y,,2020-12-13,7.14552,9.97509,2020-12-16,7.33594,,93.27036,2021-01-22,0.0101,17.0459,1687.7128,113.5769957,
FF-YP-A-44,2020-10-02,Saint John River,FF,45.805451,-66.141779,Adult,Yellow Perch,182,164,68.1,0.44,5.754,,M,Y,,2020-12-16,7.10945,9.75857,2020-12-18,7.62141,,80.67434,2021-01-18,0.0104,18.8949,1816.8214,351.1127266,
FF-YP-A-45,2020-10-02,Saint John River,FF,45.805451,-66.141779,Adult,Yellow Perch,175,169,54.4,0.315,2.98,,M,Y,,2020-12-15,7.10963,8.05462,2020-12-18,7.29285,,80.61144,2021-01-19,0.0104,16.878,1622.8881,314.654633,
FF-YP-A-46,2020-10-02,Saint John River,FF,45.805451,-66.141779,Adult,Yellow Perch,179,171,66.8,0.795,1.854,1.854,F,Y,,2020-10-25,7.08124,9.96850,2020-10-29,7.65288,,80.20130,2020-12-01,0.0104,13.9515,1341.491,265.5978039,
FF-YP-A-47,2020-10-02,Saint John River,FF,45.805451,-66.141779,Adult,Yellow Perch,198,194,77.4,0.725,2.234,1.301,F,Y,,2020-10-25,7.02332,10.02885,2020-10-29,7.55908,,82.17419,2020-12-09,0.0103,25.4381,2469.7168,440.2470243,
FF-YP-A-48,2020-10-02,Saint John River,FF,45.805451,-66.141779,Adult,Yellow Perch,186,183,80.3,0.506,5.58,,M,Y,,2020-10-25,7.13434,8.90282,2020-10-29,7.49755,,79.46202,2020-11-25,0.0105,25.6684,2444.6069,502.0728762,
FF-YP-A-49,2020-10-02,Saint John River,FF,45.805451,-66.141779,Adult,Yellow Perch,193,184,93.6,1.241,3.285,0.993,F,Y,,2020-12-16,7.1149,11.09348,2020-12-18,7.8943,,80.4101,2021-01-20,0.0103,16.6847,1619.8763,317.3321473,
FF-YP-A-50,2020-10-02,Saint John River,FF,45.805451,-66.141779,Adult,Yellow Perch,176,172,66.2,0.642,4.97,,M,Y,,2020-12-16,7.10156,9.06202,2020-12-18,7.49191,,80.08886,2021-01-20,0.0102,15.098,1480.1987,294.7244354,
FF-YP-A-51,2020-10-02,Saint John River,FF,45.805451,-66.141779,Adult,Yellow Perch,171,163,51.2,0.256,3.04,,M,Y,,2020-12-16,7.10114,10.19553,2020-12-18,7.65574,,82.07724,2021-01-20,0.0106,15.7117,1482.2336,265.6571708,
FF-YP-A-52,2020-10-02,Saint John River,FF,45.805451,-66.141779,Adult,Yellow Perch,169,164,51.3,0.359,2.855,,M,Y,,2020-10-25,7.08477,8.46239,2020-10-29,7.34485,,81.12106,2020-12-08,0.0102,15.205,1490.6892,281.4263197,
FF-YP-A-53,2020-10-02,Saint John River,FF,45.805451,-66.141779,Adult,Yellow Perch,160,152,46.2,0.232,2.624,,M,Y,,2020-12-15,7.08784,9.30948,2020-12-18,7.51588,,80.73315,2021-01-18,0.0104,17.5754,1689.9459,325.5993416,
FF-YP-A-54,2020-10-02,Saint John River,FF,45.805451,-66.141779,Adult,Yellow Perch,209,200,96.8,1.105,3.324,1.179,F,Y,,2020-12-15,7.0772,9.31641,2020-12-18,7.50263,,81.00089,2021-01-19,0.0103,26.6264,2585.0837,491.1428958,
FF-SMB-A-1,2020-10-02,Saint John River,FF,45.805451,-66.141779,Adult,Smallmouth Bass,490,470,1479,,,,F,N,"found dead, eggs dark, did not continue.",,,,,,,,,,,,,
FF-SMB-A-2,2020-10-02,Saint John River,FF,45.805451,-66.141779,Adult,Smallmouth Bass,443,421,1134,17.996,29.681,1.531,F,Y,,2020-12-15,7.09686,10.6579,2020-12-18,7.84387,,79.0227,2021-01-18,0.0105,64.5231,6145.0552,1289.066664,
NF-SMB-YOY-1,2020-09-08,Saint John River,NF,45.97149,-66.719803,YOY,Smallmouth Bass,65,62,3.6,,,,,Y,,,,,,,,,,,,,,
NF-SMB-YOY-2,2020-09-08,Saint John River,NF,45.97149,-66.719803,YOY,Smallmouth Bass,63,60,3.9,,,,,Y,Tail damaged,,,,,,,,,,,,,
NF-SMB-YOY-3,2020-09-08,Saint John River,NF,45.97149,-66.719803,YOY,Smallmouth Bass,82,68,4.4,,,,,Y,,,,,,,,,,,,,,
NF-SMB-YOY-4,2020-09-08,Saint John River,NF,45.97149,-66.719803,YOY,Smallmouth Bass,73,69,4.5,,,,,Y,,,,,,,,,,,,,,
NF-SMB-YOY-5,2020-09-08,Saint John River,NF,45.97149,-66.719803,YOY,Smallmouth Bass,89,84,8.7,,,,,Y,,,,,,,,,,,,,,
NF-SMB-YOY-6,2020-09-08,Saint John River,NF,45.97149,-66.719803,YOY,Smallmouth Bass,86,82,8.4,,,,,Y,,,,,,,,,,,,,,
NF-SMB-A-1,2020-09-08,Saint John River,NF,45.97149,-66.719803,YOY,Smallmouth Bass,104,99,14.6,,,,,Y,1 yr,,,,,,,,,,,,,
NF-SMB-A-2,2020-09-08,Saint John River,NF,45.97149,-66.719803,YOY,Smallmouth Bass,109,104,15,,,,,Y,1 yr,,,,,,,,,,,,,
NF-SMB-YOY-7,2020-09-08,Saint John River,NF,45.97149,-66.719803,YOY,Smallmouth Bass,79,76,7.4,,,,,N,,,,,,,,,,,,,,
NF-SMB-YOY-8,2020-09-10,Saint John River,NF,45.97149,-66.719803,YOY,Smallmouth Bass,64,60,3.4,,,,,Y,,,,,,,,,,,,,,
NF-SMB-YOY-9,2020-09-10,Saint John River,NF,45.97149,-66.719803,YOY,Smallmouth Bass,55,53,2.4,,,,,Y,,,,,,,,,,,,,,
NF-SMB-YOY-10,2020-09-10,Saint John River,NF,45.97149,-66.719803,YOY,Smallmouth Bass,75,71,5.6,,,,,Y,,,,,,,,,,,,,,
NF-SMB-YOY-11,2020-09-10,Saint John River,NF,45.97149,-66.719803,YOY,Smallmouth Bass,87,85,8.5,,,,,Y,,,,,,,,,,,,,,
NF-SMB-YOY-12,2020-09-10,Saint John River,NF,45.97149,-66.719803,YOY,Smallmouth Bass,78,73,7.7,,,,,Y,,,,,,,,,,,,,,
NF-SMB-YOY-13,2020-09-10,Saint John River,NF,45.97149,-66.719803,YOY,Smallmouth Bass,67,64,4,,,,,Y,,,,,,,,,,,,,,
NF-SMB-YOY-14,2020-09-10,Saint John River,NF,45.97149,-66.719803,YOY,Smallmouth Bass,70,67,4.6,,,,,Y,,,,,,,,,,,,,,
NF-SMB-YOY-15,2020-09-10,Saint John River,NF,45.97149,-66.719803,YOY,Smallmouth Bass,58,56,2.5,,,,,Y,,,,,,,,,,,,,,
NF-SMB-YOY-16,2020-09-10,Saint John River,NF,45.97149,-66.719803,YOY,Smallmouth Bass,61,58,2.9,,,,,Y,,,,,,,,,,,,,,
NF-SMB-YOY-17,2020-09-10,Saint John River,NF,45.97149,-66.719803,YOY,Smallmouth Bass,63,60,3.3,,,,,Y,,,,,,,,,,,,,,
NF-SMB-YOY-18,2020-09-10,Saint John River,NF,45.97149,-66.719803,YOY,Smallmouth Bass,76,72,5.6,,,,,Y,,,,,,,,,,,,,,
NF-SMB-YOY-19,2020-09-10,Saint John River,NF,45.97149,-66.719803,YOY,Smallmouth Bass,57,54,2.2,,,,,Y,,,,,,,,,,,,,,
NF-SMB-YOY-20,2020-09-10,Saint John River,NF,45.97149,-66.719803,YOY,Smallmouth Bass,75,72,5.5,,,,,Y,,,,,,,,,,,,,,
NF-SMB-YOY-21,2020-09-10,Saint John River,NF,45.97149,-66.719803,YOY,Smallmouth Bass,54,51,1.9,,,,,Y,,,,,,,,,,,,,,
NF-SMB-YOY-22,2020-09-10,Saint John River,NF,45.97149,-66.719803,YOY,Smallmouth Bass,83,79,7.7,,,,,Y,,,,,,,,,,,,,,
NF-SMB-YOY-23,2020-09-10,Saint John River,NF,45.97149,-66.719803,YOY,Smallmouth Bass,64,61,3.3,,,,,Y,,,,,,,,,,,,,,
NF-SMB-YOY-24,2020-09-10,Saint John River,NF,45.97149,-66.719803,YOY,Smallmouth Bass,65,62,3.7,,,,,Y,,,,,,,,,,,,,,
NF-SMB-YOY-25,2020-09-10,Saint John River,NF,45.97149,-66.719803,YOY,Smallmouth Bass,77,73,5.1,,,,,Y,,,,,,,,,,,,,,
NF-YP-YOY-1,2020-09-10,Saint John River,NF,45.97149,-66.719803,YOY,Yellow Perch,102,97,12.7,,,,,N,1 yr,,,,,,,,,,,,,
NF-YP-YOY-2,2020-09-10,Saint John River,NF,45.97149,-66.719803,YOY,Yellow Perch,90,85,8.7,,,,,N,1 yr,,,,,,,,,,,,,
REF-SMB-YOY-1,2020-09-11,Saint John River,REF,46.18625,-67.554377,YOY,Smallmouth Bass,100,95,14.1,,,,,Y,,,,,,,,,,,,,,
REF-SMB-YOY-2,2020-09-11,Saint John River,REF,46.18625,-67.554377,YOY,Smallmouth Bass,84,80,7.5,,,,,Y,,,,,,,,,,,,,,
REF-SMB-YOY-3,2020-09-11,Saint John River,REF,46.18625,-67.554377,YOY,Smallmouth Bass,76,72,5.7,,,,,Y,,,,,,,,,,,,,,
REF-SMB-YOY-4,2020-09-11,Saint John River,REF,46.18625,-67.554377,YOY,Smallmouth Bass,86,82,9.1,,,,,Y,,,,,,,,,,,,,,
REF-SMB-YOY-5,2020-09-11,Saint John River,REF,46.18625,-67.554377,YOY,Smallmouth Bass,74,70,5.5,,,,,Y,,,,,,,,,,,,,,
REF-SMB-YOY-6,2020-09-11,Saint John River,REF,46.18625,-67.554377,YOY,Smallmouth Bass,75,71,5.7,,,,,Y,,,,,,,,,,,,,,
REF-SMB-YOY-7,2020-09-11,Saint John River,REF,46.18625,-67.554377,YOY,Smallmouth Bass,73,70,5.8,,,,,Y,,,,,,,,,,,,,,
REF-SMB-YOY-8,2020-09-11,Saint John River,REF,46.18625,-67.554377,YOY,Smallmouth Bass,80,77,7,,,,,Y,,,,,,,,,,,,,,
REF-SMB-YOY-9,2020-09-11,Saint John River,REF,46.18625,-67.554377,YOY,Smallmouth Bass,95,90,11.3,,,,,Y,,,,,,,,,,,,,,
REF-SMB-YOY-10,2020-09-11,Saint John River,REF,46.18625,-67.554377,YOY,Smallmouth Bass,73,71,4.8,,,,,Y,,,,,,,,,,,,,,
REF-SMB-YOY-11,2020-09-11,Saint John River,REF,46.18625,-67.554377,YOY,Smallmouth Bass,69,65,4.6,,,,,Y,,,,,,,,,,,,,,
REF-SMB-YOY-12,2020-09-11,Saint John River,REF,46.18625,-67.554377,YOY,Smallmouth Bass,86,82,7.9,,,,,Y,,,,,,,,,,,,,,
REF-SMB-YOY-13,2020-09-11,Saint John River,REF,46.18625,-67.554377,YOY,Smallmouth Bass,66,63,3.8,,,,,Y,,,,,,,,,,,,,,
REF-SMB-YOY-14,2020-09-11,Saint John River,REF,46.18625,-67.554377,YOY,Smallmouth Bass,62,60,3.3,,,,,Y,,,,,,,,,,,,,,
REF-SMB-YOY-15,2020-09-11,Saint John River,REF,46.18625,-67.554377,YOY,Smallmouth Bass,75,72,5.6,,,,,Y,,,,,,,,,,,,,,
REF-YP-YOY-1,2020-09-11,Saint John River,REF,46.18625,-67.554377,YOY,Yellow Perch,68,64,3.1,,,,,Y,,,,,,,,,,,,,,
REF-YP-YOY-2,2020-09-11,Saint John River,REF,46.18625,-67.554377,YOY,Yellow Perch,66,63,3.1,,,,,Y,,,,,,,,,,,,,,
REF-YP-YOY-3,2020-09-11,Saint John River,REF,46.18625,-67.554377,YOY,Yellow Perch,75,72,4.4,,,,,Y,,,,,,,,,,,,,,
REF-YP-YOY-4,2020-09-11,Saint John River,REF,46.18625,-67.554377,YOY,Yellow Perch,74,71,4.9,,,,,Y,,,,,,,,,,,,,,
REF-YP-YOY-5,2020-09-11,Saint John River,REF,46.18625,-67.554377,YOY,Yellow Perch,74,71,4.6,,,,,Y,,,,,,,,,,,,,,
REF-YP-YOY-6,2020-09-11,Saint John River,REF,46.18625,-67.554377,YOY,Yellow Perch,79,76,5.1,,,,,Y,,,,,,,,,,,,,,
REF-YP-YOY-7,2020-09-11,Saint John River,REF,46.18625,-67.554377,YOY,Yellow Perch,75,71,4.2,,,,,Y,,,,,,,,,,,,,,
REF-YP-YOY-8,2020-09-11,Saint John River,REF,46.18625,-67.554377,YOY,Yellow Perch,64,61,3,,,,,Y,,,,,,,,,,,,,,
REF-YP-YOY-9,2020-09-11,Saint John River,REF,46.18625,-67.554377,YOY,Yellow Perch,72,68,4.2,,,,,Y,,,,,,,,,,,,,,
REF-YP-YOY-10,2020-09-11,Saint John River,REF,46.18625,-67.554377,YOY,Yellow Perch,77,73,4.9,,,,,Y,,,,,,,,,,,,,,
REF-YP-YOY-11,2020-09-11,Saint John River,REF,46.18625,-67.554377,YOY,Yellow Perch,71,68,4,,,,,Y,,,,,,,,,,,,,,
REF-YP-YOY-12,2020-09-11,Saint John River,REF,46.18625,-67.554377,YOY,Yellow Perch,81,77,5.5,,,,,Y,,,,,,,,,,,,,,
REF-YP-YOY-13,2020-09-11,Saint John River,REF,46.18625,-67.554377,YOY,Yellow Perch,72,68,3.8,,,,,Y,,,,,,,,,,,,,,
REF-YP-YOY-14,2020-09-11,Saint John River,REF,46.18625,-67.554377,YOY,Yellow Perch,66,64,3,,,,,Y,,,,,,,,,,,,,,
REF-YP-YOY-15,2020-09-11,Saint John River,REF,46.18625,-67.554377,YOY,Yellow Perch,80,76,5.9,,,,,Y,,,,,,,,,,,,,,
REF-YP-YOY-16,2020-09-11,Saint John River,REF,46.18625,-67.554377,YOY,Yellow Perch,86,83,6.6,,,,,Y,,,,,,,,,,,,,,
REF-YP-YOY-17,2020-09-11,Saint John River,REF,46.18625,-67.554377,YOY,Yellow Perch,129,124,18.3,,,,,Y,1 yr,,,,,,,,,,,,,
REF-YP-YOY-18,2020-09-11,Saint John River,REF,46.18625,-67.554377,YOY,Yellow Perch,141,135,25.9,,,,,Y,1 yr,,,,,,,,,,,,,
REF-SMB-YOY-16,2020-09-21,Saint John River,REF,46.18625,-67.554377,YOY,Smallmouth Bass,87,85,2.3,,,,,N,Weight likely wrong,,,,,,,,,,,,,
REF-SMB-YOY-17,2020-09-21,Saint John River,REF,46.18625,-67.554377,YOY,Smallmouth Bass,57,54,2.3,,,,,N,,,,,,,,,,,,,,
REF-SMB-YOY-18,2020-09-21,Saint John River,REF,46.18625,-67.554377,YOY,Smallmouth Bass,78,75,5.3,,,,,N,,,,,,,,,,,,,,
REF-SMB-YOY-19,2020-09-21,Saint John River,REF,46.18625,-67.554377,YOY,Smallmouth Bass,74,70,3.7,,,,,N,,,,,,,,,,,,,,
REF-SMB-YOY-20,2020-09-21,Saint John River,REF,46.18625,-67.554377,YOY,Smallmouth Bass,83,79,6.4,,,,,N,,,,,,,,,,,,,,
REF-SMB-YOY-21,2020-09-21,Saint John River,REF,46.18625,-67.554377,YOY,Smallmouth Bass,86,81,7.1,,,,,N,,,,,,,,,,,,,,
REF-SMB-YOY-22,2020-09-21,Saint John River,REF,46.18625,-67.554377,YOY,Smallmouth Bass,91,86,8.9,,,,,N,,,,,,,,,,,,,,
REF-SMB-YOY-23,2020-09-21,Saint John River,REF,46.18625,-67.554377,YOY,Smallmouth Bass,81,78,6.1,,,,,N,,,,,,,,,,,,,,
REF-SMB-YOY-24,2020-09-21,Saint John River,REF,46.18625,-67.554377,YOY,Smallmouth Bass,88,84,7.7,,,,,N,,,,,,,,,,,,,,
REF-SMB-YOY-25,2020-09-21,Saint John River,REF,46.18625,-67.554377,YOY,Smallmouth Bass,89,85,8.8,,,,,N,,,,,,,,,,,,,,
REF-SMB-YOY-26,2020-09-21,Saint John River,REF,46.18625,-67.554377,YOY,Smallmouth Bass,92,88,9.7,,,,,N,,,,,,,,,,,,,,
REF-SMB-YOY-27,2020-09-21,Saint John River,REF,46.18625,-67.554377,YOY,Smallmouth Bass,99,95,12,,,,,N,,,,,,,,,,,,,,
REF-YP-YOY-19,2020-09-21,Saint John River,REF,46.18625,-67.554377,YOY,Yellow Perch,74,70,3.9,,,,,N,,,,,,,,,,,,,,
REF-YP-YOY-20,2020-09-21,Saint John River,REF,46.18625,-67.554377,YOY,Yellow Perch,72,68,3.8,,,,,N,,,,,,,,,,,,,,
REF-YP-YOY-21,2020-09-21,Saint John River,REF,46.18625,-67.554377,YOY,Yellow Perch,81,78,4.8,,,,,N,,,,,,,,,,,,,,
REF-YP-YOY-22,2020-09-21,Saint John River,REF,46.18625,-67.554377,YOY,Yellow Perch,73,70,3.9,,,,,N,,,,,,,,,,,,,,
REF-YP-YOY-23,2020-09-21,Saint John River,REF,46.18625,-67.554377,YOY,Yellow Perch,76,71,4.2,,,,,N,,,,,,,,,,,,,,
REF-YP-YOY-24,2020-09-21,Saint John River,REF,46.18625,-67.554377,YOY,Yellow Perch,71,68,3.2,,,,,N,,,,,,,,,,,,,,
REF-YP-YOY-25,2020-09-21,Saint John River,REF,46.18625,-67.554377,YOY,Yellow Perch,75,71,4.1,,,,,N,,,,,,,,,,,,,,
REF-YP-YOY-26,2020-09-21,Saint John River,REF,46.18625,-67.554377,YOY,Yellow Perch,64,62,2.4,,,,,N,,,,,,,,,,,,,,
REF-YP-YOY-27,2020-09-21,Saint John River,REF,46.18625,-67.554377,YOY,Yellow Perch,75,71,3.8,,,,,N,,,,,,,,,,,,,,
REF-YP-YOY-28,2020-09-21,Saint John River,REF,46.18625,-67.554377,YOY,Yellow Perch,74,70,3.9,,,,,N,,,,,,,,,,,,,,
FF-YP-YOY-1,2020-10-01,Saint John River,FF,45.805451,-66.141779,YOY,Yellow Perch,63,58,2.1,,,,,N,,,,,,,,,,,,,,
FF-YP-YOY-2,2020-10-01,Saint John River,FF,45.805451,-66.141779,YOY,Yellow Perch,71,67,3.2,,,,,N,,,,,,,,,,,,,,
FF-YP-YOY-3,2020-10-01,Saint John River,FF,45.805451,-66.141779,YOY,Yellow Perch,63,60,2.8,,,,,N,,,,,,,,,,,,,,
FF-YP-YOY-4,2020-10-01,Saint John River,FF,45.805451,-66.141779,YOY,Yellow Perch,71,68,3.6,,,,,N,,,,,,,,,,,,,,
FF-YP-YOY-5,2020-10-01,Saint John River,FF,45.805451,-66.141779,YOY,Yellow Perch,71,67,3.5,,,,,N,,,,,,,,,,,,,,
FF-YP-YOY-6,2020-10-01,Saint John River,FF,45.805451,-66.141779,YOY,Yellow Perch,76,72,4.5,,,,,N,,,,,,,,,,,,,,
FF-YP-YOY-7,2020-10-01,Saint John River,FF,45.805451,-66.141779,YOY,Yellow Perch,63,60,2.1,,,,,N,,,,,,,,,,,,,,
FF-YP-YOY-8,2020-10-01,Saint John River,FF,45.805451,-66.141779,YOY,Yellow Perch,73,68,3,,,,,N,,,,,,,,,,,,,,
FF-YP-YOY-9,2020-10-01,Saint John River,FF,45.805451,-66.141779,YOY,Yellow Perch,71,68,3.5,,,,,N,,,,,,,,,,,,,,
FF-YP-YOY-10,2020-10-01,Saint John River,FF,45.805451,-66.141779,YOY,Yellow Perch,65,62,2.8,,,,,N,,,,,,,,,,,,,,
FF-YP-YOY-11,2020-10-01,Saint John River,FF,45.805451,-66.141779,YOY,Yellow Perch,73,68,3.9,,,,,Y,,,,,,,,,,,,,,
FF-YP-YOY-12,2020-10-01,Saint John River,FF,45.805451,-66.141779,YOY,Yellow Perch,61,58,2.6,,,,,Y,,,,,,,,,,,,,,
FF-YP-YOY-13,2020-10-01,Saint John River,FF,45.805451,-66.141779,YOY,Yellow Perch,69,65,3.5,,,,,Y,,,,,,,,,,,,,,
FF-YP-YOY-14,2020-10-01,Saint John River,FF,45.805451,-66.141779,YOY,Yellow Perch,66,63,3,,,,,Y,,,,,,,,,,,,,,
FF-YP-YOY-15,2020-10-01,Saint John River,FF,45.805451,-66.141779,YOY,Yellow Perch,64,61,3.1,,,,,Y,,,,,,,,,,,,,,
FF-YP-YOY-16,2020-10-01,Saint John River,FF,45.805451,-66.141779,YOY,Yellow Perch,70,67,3.7,,,,,Y,,,,,,,,,,,,,,
FF-YP-YOY-17,2020-10-01,Saint John River,FF,45.805451,-66.141779,YOY,Yellow Perch,69,65,3.6,,,,,Y,,,,,,,,,,,,,,
FF-YP-YOY-18,2020-10-01,Saint John River,FF,45.805451,-66.141779,YOY,Yellow Perch,65,62,3,,,,,Y,,,,,,,,,,,,,,
FF-YP-YOY-19,2020-10-01,Saint John River,FF,45.805451,-66.141779,YOY,Yellow Perch,55,53,1.7,,,,,Y,,,,,,,,,,,,,,
FF-YP-YOY-20,2020-10-01,Saint John River,FF,45.805451,-66.141779,YOY,Yellow Perch,77,72,5,,,,,Y,,,,,,,,,,,,,,
FF-YP-YOY-21,2020-10-01,Saint John River,FF,45.805451,-66.141779,YOY,Yellow Perch,63,60,2.7,,,,,Y,,,,,,,,,,,,,,
FF-YP-YOY-22,2020-10-01,Saint John River,FF,45.805451,-66.141779,YOY,Yellow Perch,60,56,2.4,,,,,Y,,,,,,,,,,,,,,
FF-YP-YOY-23,2020-10-01,Saint John River,FF,45.805451,-66.141779,YOY,Yellow Perch,73,69,4,,,,,Y,,,,,,,,,,,,,,
FF-YP-YOY-24,2020-10-01,Saint John River,FF,45.805451,-66.141779,YOY,Yellow Perch,72,69,4.1,,,,,Y,,,,,,,,,,,,,,
FF-YP-YOY-25,2020-10-01,Saint John River,FF,45.805451,-66.141779,YOY,Yellow Perch,69,66,3.4,,,,,Y,,,,,,,,,,,,,,
FF-YP-YOY-26,2020-10-01,Saint John River,FF,45.805451,-66.141779,YOY,Yellow Perch,60,57,2.4,,,,,N,,,,,,,,,,,,,,
FF-YP-YOY-27,2020-10-01,Saint John River,FF,45.805451,-66.141779,YOY,Yellow Perch,61,57,2.2,,,,,N,,,,,,,,,,,,,,
FF-YP-YOY-28,2020-10-01,Saint John River,FF,45.805451,-66.141779,YOY,Yellow Perch,69,65,3.7,,,,,N,,,,,,,,,,,,,,
FF-YP-YOY-29,2020-10-01,Saint John River,FF,45.805451,-66.141779,YOY,Yellow Perch,63,60,2.7,,,,,N,,,,,,,,,,,,,,
FF-YP-YOY-30,2020-10-01,Saint John River,FF,45.805451,-66.141779,YOY,Yellow Perch,70,67,4,,,,,N,,,,,,,,,,,,,,